Frame,Tiempo_s,JugadorID,Equipo,X,Y,Velocidad_ms,Aceleracion_ms2,Periodo,PartidoID
0,0.0,ATL_001,Local,44.67,56.09,5.6,-0.23,1,MATCH_001
1,0.1,ATL_001,Local,44.55,56.56,4.88,0.77,1,MATCH_001
2,0.2,ATL_001,Local,44.32,56.73,2.86,-0.46,1,MATCH_001
3,0.3,ATL_001,Local,44.08,56.8,2.44,-1.91,1,MATCH_001
4,0.4,ATL_001,Local,43.22,56.63,8.79,-1.01,1,MATCH_001
5,0.5,ATL_001,Local,43.38,56.36,3.14,-1.41,1,MATCH_001
6,0.6,ATL_001,Local,44.11,56.29,7.36,0.07,1,MATCH_001
7,0.7,ATL_001,Local,43.4,56.13,7.31,0.11,1,MATCH_001
8,0.8,ATL_001,Local,42.82,56.24,5.86,-0.6,1,MATCH_001
9,0.9,ATL_001,Local,42.68,56.06,2.32,1.85,1,MATCH_001
10,1.0,ATL_001,Local,42.67,55.74,3.17,0.82,1,MATCH_001
11,1.1,ATL_001,Local,42.06,55.81,6.14,-1.96,1,MATCH_001
12,1.2,ATL_001,Local,41.4,55.86,6.67,0.74,1,MATCH_001
13,1.3,ATL_001,Local,41.48,55.83,0.92,-0.3,1,MATCH_001
14,1.4,ATL_001,Local,40.74,55.61,7.7,-0.46,1,MATCH_001
15,1.5,ATL_001,Local,41.27,55.72,5.39,-1.76,1,MATCH_001
16,1.6,ATL_001,Local,41.43,55.6,1.99,-0.68,1,MATCH_001
17,1.7,ATL_001,Local,41.74,55.91,4.35,0.93,1,MATCH_001
18,1.8,ATL_001,Local,41.32,55.82,4.3,0.33,1,MATCH_001
19,1.9,ATL_001,Local,41.81,55.67,5.09,-0.19,1,MATCH_001
20,2.0,ATL_001,Local,41.25,55.32,6.59,0.81,1,MATCH_001
21,2.1,ATL_001,Local,41.93,55.29,6.78,1.0,1,MATCH_001
22,2.2,ATL_001,Local,42.11,55.1,2.65,0.36,1,MATCH_001
23,2.3,ATL_001,Local,42.88,55.09,7.69,1.56,1,MATCH_001
24,2.4,ATL_001,Local,41.57,55.34,13.33,0.09,1,MATCH_001
25,2.5,ATL_001,Local,41.42,55.36,1.52,-1.99,1,MATCH_001
26,2.6,ATL_001,Local,41.31,55.47,1.53,1.48,1,MATCH_001
27,2.7,ATL_001,Local,41.05,55.23,3.55,-0.5,1,MATCH_001
28,2.8,ATL_001,Local,41.51,55.33,4.68,-0.53,1,MATCH_001
29,2.9,ATL_001,Local,41.77,55.36,2.58,0.97,1,MATCH_001
30,3.0,ATL_001,Local,41.42,55.26,3.65,-0.39,1,MATCH_001
31,3.1,ATL_001,Local,40.69,55.35,7.37,0.26,1,MATCH_001
32,3.2,ATL_001,Local,40.69,55.28,0.7,-1.42,1,MATCH_001
33,3.3,ATL_001,Local,40.48,55.17,2.34,-0.8,1,MATCH_001
34,3.4,ATL_001,Local,40.4,55.29,1.46,1.89,1,MATCH_001
35,3.5,ATL_001,Local,40.48,55.37,1.17,-0.07,1,MATCH_001
36,3.6,ATL_001,Local,39.53,55.36,9.59,0.06,1,MATCH_001
37,3.7,ATL_001,Local,40.76,55.31,12.33,0.3,1,MATCH_001
38,3.8,ATL_001,Local,40.74,54.96,3.51,1.14,1,MATCH_001
39,3.9,ATL_001,Local,41.12,55.19,4.45,-0.91,1,MATCH_001
40,4.0,ATL_001,Local,41.82,54.77,8.18,0.59,1,MATCH_001
41,4.1,ATL_001,Local,42.91,54.48,11.35,-0.57,1,MATCH_001
42,4.2,ATL_001,Local,42.96,54.32,1.59,-1.55,1,MATCH_001
43,4.3,ATL_001,Local,43.0,54.01,3.21,0.47,1,MATCH_001
44,4.4,ATL_001,Local,42.54,54.47,6.54,-0.78,1,MATCH_001
45,4.5,ATL_001,Local,42.38,54.71,2.92,-1.23,1,MATCH_001
46,4.6,ATL_001,Local,42.49,55.11,4.08,-1.61,1,MATCH_001
47,4.7,ATL_001,Local,42.58,55.18,1.21,0.78,1,MATCH_001
48,4.8,ATL_001,Local,41.96,54.79,7.34,0.52,1,MATCH_001
49,4.9,ATL_001,Local,42.11,54.86,1.66,0.35,1,MATCH_001
50,5.0,ATL_001,Local,41.77,54.93,3.47,0.29,1,MATCH_001
51,5.1,ATL_001,Local,41.41,55.49,6.64,0.47,1,MATCH_001
52,5.2,ATL_001,Local,40.82,55.69,6.27,-0.97,1,MATCH_001
53,5.3,ATL_001,Local,41.21,56.04,5.25,-0.82,1,MATCH_001
54,5.4,ATL_001,Local,41.69,56.16,4.97,0.82,1,MATCH_001
55,5.5,ATL_001,Local,42.64,56.09,9.51,-0.75,1,MATCH_001
56,5.6,ATL_001,Local,42.2,55.84,5.08,-0.08,1,MATCH_001
57,5.7,ATL_001,Local,42.37,55.93,1.9,0.83,1,MATCH_001
58,5.8,ATL_001,Local,42.37,56.36,4.36,-0.26,1,MATCH_001
59,5.9,ATL_001,Local,43.73,56.55,13.73,-0.86,1,MATCH_001
60,6.0,ATL_001,Local,43.2,56.69,5.55,-0.22,1,MATCH_001
61,6.1,ATL_001,Local,43.56,56.84,3.84,-0.07,1,MATCH_001
62,6.2,ATL_001,Local,43.13,56.38,6.21,-0.45,1,MATCH_001
63,6.3,ATL_001,Local,43.56,56.45,4.33,-1.25,1,MATCH_001
64,6.4,ATL_001,Local,43.65,56.56,1.44,-0.88,1,MATCH_001
65,6.5,ATL_001,Local,43.72,56.58,0.79,-1.14,1,MATCH_001
66,6.6,ATL_001,Local,43.9,56.75,2.46,1.08,1,MATCH_001
67,6.7,ATL_001,Local,44.43,56.33,6.7,-0.94,1,MATCH_001
68,6.8,ATL_001,Local,44.69,56.49,3.0,0.52,1,MATCH_001
69,6.9,ATL_001,Local,46.61,56.66,19.34,1.14,1,MATCH_001
70,7.0,ATL_001,Local,47.09,56.86,5.15,-0.32,1,MATCH_001
71,7.1,ATL_001,Local,47.47,56.62,4.45,-0.24,1,MATCH_001
72,7.2,ATL_001,Local,47.23,56.65,2.44,2.31,1,MATCH_001
73,7.3,ATL_001,Local,46.29,56.85,9.56,-1.61,1,MATCH_001
74,7.4,ATL_001,Local,46.06,57.18,4.03,0.06,1,MATCH_001
75,7.5,ATL_001,Local,45.52,56.97,5.8,0.68,1,MATCH_001
76,7.6,ATL_001,Local,45.15,57.03,3.71,0.05,1,MATCH_001
77,7.7,ATL_001,Local,44.83,57.67,7.21,0.63,1,MATCH_001
78,7.8,ATL_001,Local,43.82,57.73,10.14,-0.66,1,MATCH_001
79,7.9,ATL_001,Local,44.24,57.49,4.88,-0.11,1,MATCH_001
80,8.0,ATL_001,Local,44.49,57.75,3.62,-1.2,1,MATCH_001
81,8.1,ATL_001,Local,44.33,57.61,2.2,-0.65,1,MATCH_001
82,8.2,ATL_001,Local,45.21,57.73,8.91,-1.26,1,MATCH_001
83,8.3,ATL_001,Local,45.67,58.37,7.85,1.03,1,MATCH_001
84,8.4,ATL_001,Local,44.91,58.22,7.73,1.27,1,MATCH_001
85,8.5,ATL_001,Local,44.56,58.36,3.78,0.77,1,MATCH_001
86,8.6,ATL_001,Local,44.09,58.34,4.64,-3.24,1,MATCH_001
87,8.7,ATL_001,Local,43.58,58.26,5.18,-1.25,1,MATCH_001
88,8.8,ATL_001,Local,44.4,57.83,9.22,-0.44,1,MATCH_001
89,8.9,ATL_001,Local,44.46,58.27,4.37,-1.44,1,MATCH_001
90,9.0,ATL_001,Local,45.04,58.27,5.82,-0.98,1,MATCH_001
91,9.1,ATL_001,Local,45.27,58.33,2.39,-0.6,1,MATCH_001
92,9.2,ATL_001,Local,45.31,58.21,1.21,0.11,1,MATCH_001
93,9.3,ATL_001,Local,45.64,58.69,5.8,-1.24,1,MATCH_001
94,9.4,ATL_001,Local,46.71,58.1,12.17,-0.15,1,MATCH_001
95,9.5,ATL_001,Local,47.0,58.19,3.06,-0.62,1,MATCH_001
96,9.6,ATL_001,Local,46.9,58.04,1.81,-0.59,1,MATCH_001
97,9.7,ATL_001,Local,47.32,58.15,4.38,-0.69,1,MATCH_001
98,9.8,ATL_001,Local,47.77,58.24,4.59,0.81,1,MATCH_001
99,9.9,ATL_001,Local,48.09,57.99,4.01,-0.56,1,MATCH_001
100,10.0,ATL_001,Local,48.46,58.17,4.16,-0.02,1,MATCH_001
101,10.1,ATL_001,Local,48.52,58.56,3.88,-0.59,1,MATCH_001
102,10.2,ATL_001,Local,48.79,58.5,2.8,-0.22,1,MATCH_001
103,10.3,ATL_001,Local,49.34,58.74,6.03,0.81,1,MATCH_001
104,10.4,ATL_001,Local,49.99,58.75,6.53,0.68,1,MATCH_001
105,10.5,ATL_001,Local,49.84,58.85,1.83,-0.13,1,MATCH_001
106,10.6,ATL_001,Local,49.89,59.03,1.85,-0.82,1,MATCH_001
107,10.7,ATL_001,Local,50.93,58.72,10.89,-1.21,1,MATCH_001
108,10.8,ATL_001,Local,51.51,58.96,6.26,0.62,1,MATCH_001
109,10.9,ATL_001,Local,51.83,58.96,3.14,-0.9,1,MATCH_001
110,11.0,ATL_001,Local,51.86,58.75,2.07,0.98,1,MATCH_001
111,11.1,ATL_001,Local,51.79,58.51,2.58,-0.32,1,MATCH_001
112,11.2,ATL_001,Local,52.0,58.34,2.67,-0.82,1,MATCH_001
113,11.3,ATL_001,Local,52.12,58.41,1.42,-0.51,1,MATCH_001
114,11.4,ATL_001,Local,51.88,58.48,2.46,-1.45,1,MATCH_001
115,11.5,ATL_001,Local,51.18,58.26,7.36,-0.21,1,MATCH_001
116,11.6,ATL_001,Local,51.34,58.71,4.69,0.86,1,MATCH_001
117,11.7,ATL_001,Local,51.26,58.7,0.8,-1.0,1,MATCH_001
118,11.8,ATL_001,Local,51.25,58.62,0.87,0.32,1,MATCH_001
119,11.9,ATL_001,Local,50.83,58.77,4.42,1.53,1,MATCH_001
120,12.0,ATL_001,Local,50.78,58.89,1.32,0.69,1,MATCH_001
121,12.1,ATL_001,Local,50.58,58.96,2.12,0.01,1,MATCH_001
122,12.2,ATL_001,Local,50.63,58.73,2.37,0.02,1,MATCH_001
123,12.3,ATL_001,Local,50.88,59.16,5.02,0.96,1,MATCH_001
124,12.4,ATL_001,Local,51.95,58.93,11.01,0.87,1,MATCH_001
125,12.5,ATL_001,Local,52.04,59.59,6.63,-0.81,1,MATCH_001
126,12.6,ATL_001,Local,51.62,59.41,4.57,-2.12,1,MATCH_001
127,12.7,ATL_001,Local,51.36,59.18,3.48,0.15,1,MATCH_001
128,12.8,ATL_001,Local,51.53,59.74,5.88,0.95,1,MATCH_001
129,12.9,ATL_001,Local,51.24,59.47,3.95,0.49,1,MATCH_001
130,13.0,ATL_001,Local,50.58,60.02,8.59,1.18,1,MATCH_001
131,13.1,ATL_001,Local,50.35,59.51,5.65,1.35,1,MATCH_001
132,13.2,ATL_001,Local,50.29,59.88,3.76,-1.59,1,MATCH_001
133,13.3,ATL_001,Local,49.99,59.88,3.0,0.05,1,MATCH_001
134,13.4,ATL_001,Local,49.77,60.07,2.92,-1.07,1,MATCH_001
135,13.5,ATL_001,Local,49.7,60.11,0.8,0.51,1,MATCH_001
136,13.6,ATL_001,Local,50.05,59.77,4.9,-1.53,1,MATCH_001
137,13.7,ATL_001,Local,50.69,59.87,6.47,-0.75,1,MATCH_001
138,13.8,ATL_001,Local,51.47,59.9,7.76,1.18,1,MATCH_001
139,13.9,ATL_001,Local,51.5,60.52,6.19,1.76,1,MATCH_001
140,14.0,ATL_001,Local,51.38,60.81,3.17,0.65,1,MATCH_001
141,14.1,ATL_001,Local,52.06,60.52,7.43,0.69,1,MATCH_001
142,14.2,ATL_001,Local,52.59,60.0,7.47,-1.18,1,MATCH_001
143,14.3,ATL_001,Local,51.57,59.91,10.23,0.72,1,MATCH_001
144,14.4,ATL_001,Local,52.32,59.94,7.52,1.63,1,MATCH_001
145,14.5,ATL_001,Local,51.63,59.43,8.59,-0.06,1,MATCH_001
146,14.6,ATL_001,Local,51.82,59.42,1.92,-2.07,1,MATCH_001
147,14.7,ATL_001,Local,51.78,59.02,3.94,0.67,1,MATCH_001
148,14.8,ATL_001,Local,51.96,58.74,3.36,-0.51,1,MATCH_001
149,14.9,ATL_001,Local,51.43,58.72,5.3,0.96,1,MATCH_001
150,15.0,ATL_001,Local,50.94,58.88,5.16,-0.53,1,MATCH_001
151,15.1,ATL_001,Local,50.54,58.84,3.98,-1.04,1,MATCH_001
152,15.2,ATL_001,Local,50.27,58.48,4.54,1.96,1,MATCH_001
153,15.3,ATL_001,Local,50.28,58.27,2.11,0.21,1,MATCH_001
154,15.4,ATL_001,Local,50.23,58.21,0.87,0.61,1,MATCH_001
155,15.5,ATL_001,Local,50.61,58.05,4.11,-0.58,1,MATCH_001
156,15.6,ATL_001,Local,50.47,57.36,7.04,-1.52,1,MATCH_001
157,15.7,ATL_001,Local,51.15,57.85,8.43,-0.25,1,MATCH_001
158,15.8,ATL_001,Local,51.44,57.94,3.03,3.08,1,MATCH_001
159,15.9,ATL_001,Local,52.0,57.91,5.61,-0.96,1,MATCH_001
160,16.0,ATL_001,Local,51.2,57.97,8.06,-0.76,1,MATCH_001
161,16.1,ATL_001,Local,50.49,57.77,7.37,-1.08,1,MATCH_001
162,16.2,ATL_001,Local,51.33,58.04,8.84,-0.01,1,MATCH_001
163,16.3,ATL_001,Local,52.07,58.06,7.4,-0.86,1,MATCH_001
164,16.4,ATL_001,Local,52.83,58.22,7.79,-1.04,1,MATCH_001
165,16.5,ATL_001,Local,52.74,57.96,2.79,-1.38,1,MATCH_001
166,16.6,ATL_001,Local,53.2,58.53,7.37,-1.4,1,MATCH_001
167,16.7,ATL_001,Local,53.48,58.34,3.43,-0.49,1,MATCH_001
168,16.8,ATL_001,Local,53.18,58.08,3.94,0.05,1,MATCH_001
169,16.9,ATL_001,Local,52.77,58.16,4.23,-0.05,1,MATCH_001
170,17.0,ATL_001,Local,52.65,57.89,2.97,-0.58,1,MATCH_001
171,17.1,ATL_001,Local,53.03,58.04,4.06,-0.98,1,MATCH_001
172,17.2,ATL_001,Local,53.08,58.26,2.31,-1.67,1,MATCH_001
173,17.3,ATL_001,Local,53.35,58.06,3.37,0.57,1,MATCH_001
174,17.4,ATL_001,Local,52.97,57.52,6.62,-1.63,1,MATCH_001
175,17.5,ATL_001,Local,52.99,57.6,0.82,-0.9,1,MATCH_001
176,17.6,ATL_001,Local,53.31,57.1,5.92,-0.07,1,MATCH_001
177,17.7,ATL_001,Local,52.7,56.91,6.36,0.05,1,MATCH_001
178,17.8,ATL_001,Local,52.27,56.79,4.45,1.01,1,MATCH_001
179,17.9,ATL_001,Local,51.99,57.04,3.82,-1.13,1,MATCH_001
180,18.0,ATL_001,Local,52.25,57.47,5.07,-2.47,1,MATCH_001
181,18.1,ATL_001,Local,51.85,57.65,4.34,-0.2,1,MATCH_001
182,18.2,ATL_001,Local,52.04,57.47,2.59,0.09,1,MATCH_001
183,18.3,ATL_001,Local,51.96,57.82,3.59,0.25,1,MATCH_001
184,18.4,ATL_001,Local,52.13,57.69,2.09,-0.49,1,MATCH_001
185,18.5,ATL_001,Local,51.91,57.81,2.47,-0.42,1,MATCH_001
186,18.6,ATL_001,Local,52.06,58.43,6.39,0.87,1,MATCH_001
187,18.7,ATL_001,Local,51.89,58.79,3.96,-0.41,1,MATCH_001
188,18.8,ATL_001,Local,50.87,58.49,10.63,-1.87,1,MATCH_001
189,18.9,ATL_001,Local,50.7,58.5,1.76,1.68,1,MATCH_001
190,19.0,ATL_001,Local,50.86,58.43,1.76,0.83,1,MATCH_001
191,19.1,ATL_001,Local,49.76,58.5,11.08,0.77,1,MATCH_001
192,19.2,ATL_001,Local,49.02,58.85,8.15,0.34,1,MATCH_001
193,19.3,ATL_001,Local,48.81,59.04,2.81,2.27,1,MATCH_001
194,19.4,ATL_001,Local,48.9,59.11,1.18,-0.46,1,MATCH_001
195,19.5,ATL_001,Local,48.48,59.36,4.93,-0.86,1,MATCH_001
196,19.6,ATL_001,Local,48.51,59.22,1.48,0.48,1,MATCH_001
197,19.7,ATL_001,Local,48.68,59.53,3.53,-0.51,1,MATCH_001
198,19.8,ATL_001,Local,48.54,59.23,3.23,-0.44,1,MATCH_001
199,19.9,ATL_001,Local,48.73,59.46,2.95,-0.92,1,MATCH_001
200,20.0,ATL_001,Local,49.17,59.87,5.95,0.41,1,MATCH_001
201,20.1,ATL_001,Local,50.11,59.64,9.67,-1.24,1,MATCH_001
202,20.2,ATL_001,Local,49.22,60.08,9.96,0.65,1,MATCH_001
203,20.3,ATL_001,Local,49.19,60.17,0.88,-1.13,1,MATCH_001
204,20.4,ATL_001,Local,50.41,60.21,12.23,0.11,1,MATCH_001
205,20.5,ATL_001,Local,50.77,60.35,3.91,0.22,1,MATCH_001
206,20.6,ATL_001,Local,50.38,60.49,4.2,1.88,1,MATCH_001
207,20.7,ATL_001,Local,51.05,60.97,8.25,-0.51,1,MATCH_001
208,20.8,ATL_001,Local,50.56,60.93,4.96,0.06,1,MATCH_001
209,20.9,ATL_001,Local,51.1,60.42,7.46,1.53,1,MATCH_001
210,21.0,ATL_001,Local,51.02,60.3,1.5,-1.01,1,MATCH_001
211,21.1,ATL_001,Local,50.2,60.54,8.63,0.07,1,MATCH_001
212,21.2,ATL_001,Local,49.55,60.16,7.53,-0.34,1,MATCH_001
213,21.3,ATL_001,Local,50.39,60.08,8.38,-1.5,1,MATCH_001
214,21.4,ATL_001,Local,50.26,60.0,1.48,-2.7,1,MATCH_001
215,21.5,ATL_001,Local,50.24,59.93,0.74,0.7,1,MATCH_001
216,21.6,ATL_001,Local,51.16,60.26,9.84,-0.27,1,MATCH_001
217,21.7,ATL_001,Local,50.61,61.04,9.5,0.06,1,MATCH_001
218,21.8,ATL_001,Local,50.62,61.03,0.1,0.2,1,MATCH_001
219,21.9,ATL_001,Local,50.54,60.86,1.87,-0.55,1,MATCH_001
220,22.0,ATL_001,Local,50.53,60.69,1.64,-0.71,1,MATCH_001
221,22.1,ATL_001,Local,50.58,60.62,0.93,1.5,1,MATCH_001
222,22.2,ATL_001,Local,49.25,60.94,13.65,1.25,1,MATCH_001
223,22.3,ATL_001,Local,48.22,60.84,10.42,-0.37,1,MATCH_001
224,22.4,ATL_001,Local,47.51,60.61,7.41,-1.11,1,MATCH_001
225,22.5,ATL_001,Local,48.39,60.89,9.2,1.27,1,MATCH_001
226,22.6,ATL_001,Local,48.75,60.55,4.95,-0.52,1,MATCH_001
227,22.7,ATL_001,Local,49.0,60.18,4.41,0.71,1,MATCH_001
228,22.8,ATL_001,Local,48.88,60.07,1.65,0.71,1,MATCH_001
229,22.9,ATL_001,Local,49.1,59.96,2.47,1.16,1,MATCH_001
230,23.0,ATL_001,Local,48.56,60.15,5.71,0.59,1,MATCH_001
231,23.1,ATL_001,Local,48.4,60.25,1.83,-1.25,1,MATCH_001
232,23.2,ATL_001,Local,48.86,60.19,4.65,-0.52,1,MATCH_001
233,23.3,ATL_001,Local,49.39,59.98,5.65,-1.41,1,MATCH_001
234,23.4,ATL_001,Local,48.61,60.16,7.99,-1.28,1,MATCH_001
235,23.5,ATL_001,Local,49.49,59.54,10.77,1.7,1,MATCH_001
236,23.6,ATL_001,Local,49.59,59.51,1.09,-0.54,1,MATCH_001
237,23.7,ATL_001,Local,49.79,59.5,2.0,1.1,1,MATCH_001
238,23.8,ATL_001,Local,49.85,59.54,0.73,-0.36,1,MATCH_001
239,23.9,ATL_001,Local,49.82,59.63,0.97,-1.71,1,MATCH_001
240,24.0,ATL_001,Local,49.15,59.86,7.1,0.17,1,MATCH_001
241,24.1,ATL_001,Local,49.06,59.86,0.92,0.35,1,MATCH_001
242,24.2,ATL_001,Local,48.79,59.63,3.57,0.2,1,MATCH_001
243,24.3,ATL_001,Local,48.3,59.75,5.04,-1.7,1,MATCH_001
244,24.4,ATL_001,Local,48.81,59.89,5.34,0.26,1,MATCH_001
245,24.5,ATL_001,Local,49.3,60.39,7.01,1.01,1,MATCH_001
246,24.6,ATL_001,Local,48.38,60.01,9.97,-0.62,1,MATCH_001
247,24.7,ATL_001,Local,48.39,60.16,1.56,-0.73,1,MATCH_001
248,24.8,ATL_001,Local,48.49,59.94,2.45,-0.61,1,MATCH_001
249,24.9,ATL_001,Local,47.78,59.66,7.56,-1.35,1,MATCH_001
250,25.0,ATL_001,Local,47.3,59.98,5.81,-0.95,1,MATCH_001
251,25.1,ATL_001,Local,48.61,60.12,13.24,0.18,1,MATCH_001
252,25.2,ATL_001,Local,48.18,60.33,4.78,-0.58,1,MATCH_001
253,25.3,ATL_001,Local,48.25,61.1,7.7,-0.1,1,MATCH_001
254,25.4,ATL_001,Local,48.82,60.89,6.12,-0.03,1,MATCH_001
255,25.5,ATL_001,Local,49.71,60.7,9.05,1.81,1,MATCH_001
256,25.6,ATL_001,Local,50.06,60.53,3.92,0.63,1,MATCH_001
257,25.7,ATL_001,Local,50.55,60.72,5.21,-1.57,1,MATCH_001
258,25.8,ATL_001,Local,50.18,60.65,3.71,-0.07,1,MATCH_001
259,25.9,ATL_001,Local,50.49,60.7,3.15,-1.34,1,MATCH_001
260,26.0,ATL_001,Local,50.68,60.88,2.64,0.56,1,MATCH_001
261,26.1,ATL_001,Local,51.22,61.13,5.95,0.46,1,MATCH_001
262,26.2,ATL_001,Local,51.19,60.64,5.0,0.43,1,MATCH_001
263,26.3,ATL_001,Local,51.29,60.72,1.32,-1.28,1,MATCH_001
264,26.4,ATL_001,Local,50.75,61.03,6.26,-0.04,1,MATCH_001
265,26.5,ATL_001,Local,51.09,61.04,3.41,0.03,1,MATCH_001
266,26.6,ATL_001,Local,51.56,60.89,4.94,0.1,1,MATCH_001
267,26.7,ATL_001,Local,51.33,60.76,2.65,-0.31,1,MATCH_001
268,26.8,ATL_001,Local,51.44,60.61,1.82,1.26,1,MATCH_001
269,26.9,ATL_001,Local,50.99,60.56,4.51,-0.44,1,MATCH_001
270,27.0,ATL_001,Local,51.72,60.62,7.26,1.03,1,MATCH_001
271,27.1,ATL_001,Local,50.97,60.7,7.47,0.89,1,MATCH_001
272,27.2,ATL_001,Local,51.02,61.02,3.22,-0.52,1,MATCH_001
273,27.3,ATL_001,Local,51.72,61.7,9.86,-0.36,1,MATCH_001
274,27.4,ATL_001,Local,51.5,62.14,4.9,1.58,1,MATCH_001
275,27.5,ATL_001,Local,51.24,62.01,2.9,-0.28,1,MATCH_001
276,27.6,ATL_001,Local,50.56,61.74,7.27,-1.0,1,MATCH_001
277,27.7,ATL_001,Local,50.18,61.73,3.84,0.23,1,MATCH_001
278,27.8,ATL_001,Local,50.95,61.43,8.31,0.98,1,MATCH_001
279,27.9,ATL_001,Local,50.85,61.41,1.08,0.67,1,MATCH_001
280,28.0,ATL_001,Local,50.29,61.53,5.73,0.17,1,MATCH_001
281,28.1,ATL_001,Local,50.53,61.62,2.61,2.46,1,MATCH_001
282,28.2,ATL_001,Local,50.21,61.46,3.56,-0.62,1,MATCH_001
283,28.3,ATL_001,Local,49.94,61.27,3.37,1.19,1,MATCH_001
284,28.4,ATL_001,Local,50.65,61.09,7.31,-0.83,1,MATCH_001
285,28.5,ATL_001,Local,50.88,60.93,2.88,0.63,1,MATCH_001
286,28.6,ATL_001,Local,50.98,60.47,4.66,1.55,1,MATCH_001
287,28.7,ATL_001,Local,51.88,60.29,9.17,-0.39,1,MATCH_001
288,28.8,ATL_001,Local,52.02,60.39,1.75,0.66,1,MATCH_001
289,28.9,ATL_001,Local,53.03,60.34,10.07,-0.8,1,MATCH_001
290,29.0,ATL_001,Local,52.34,60.12,7.24,-0.03,1,MATCH_001
291,29.1,ATL_001,Local,53.24,59.96,9.11,0.22,1,MATCH_001
292,29.2,ATL_001,Local,53.23,60.32,3.57,2.53,1,MATCH_001
293,29.3,ATL_001,Local,52.96,60.17,3.03,1.04,1,MATCH_001
294,29.4,ATL_001,Local,53.3,60.73,6.51,0.58,1,MATCH_001
295,29.5,ATL_001,Local,53.12,60.9,2.52,1.11,1,MATCH_001
296,29.6,ATL_001,Local,53.53,61.06,4.38,1.07,1,MATCH_001
297,29.7,ATL_001,Local,54.12,61.47,7.17,0.65,1,MATCH_001
298,29.8,ATL_001,Local,54.04,61.51,0.94,1.21,1,MATCH_001
299,29.9,ATL_001,Local,53.63,61.62,4.23,-0.39,1,MATCH_001
0,0.0,ATL_002,Local,74.18,34.37,0.97,-1.36,1,MATCH_001
1,0.1,ATL_002,Local,74.56,34.57,4.2,2.16,1,MATCH_001
2,0.2,ATL_002,Local,74.4,34.63,1.67,0.25,1,MATCH_001
3,0.3,ATL_002,Local,75.19,34.6,7.89,0.28,1,MATCH_001
4,0.4,ATL_002,Local,75.5,34.66,3.09,-0.45,1,MATCH_001
5,0.5,ATL_002,Local,75.59,34.98,3.36,-1.03,1,MATCH_001
6,0.6,ATL_002,Local,75.66,34.77,2.2,1.2,1,MATCH_001
7,0.7,ATL_002,Local,74.9,34.6,7.8,0.38,1,MATCH_001
8,0.8,ATL_002,Local,75.68,34.58,7.83,-0.56,1,MATCH_001
9,0.9,ATL_002,Local,76.62,34.15,10.36,-2.2,1,MATCH_001
10,1.0,ATL_002,Local,76.84,34.0,2.67,-1.02,1,MATCH_001
11,1.1,ATL_002,Local,77.2,34.07,3.62,-0.56,1,MATCH_001
12,1.2,ATL_002,Local,76.56,34.33,6.92,0.65,1,MATCH_001
13,1.3,ATL_002,Local,76.51,34.89,5.56,-1.07,1,MATCH_001
14,1.4,ATL_002,Local,75.74,34.68,7.91,-0.05,1,MATCH_001
15,1.5,ATL_002,Local,75.86,34.61,1.42,0.35,1,MATCH_001
16,1.6,ATL_002,Local,75.24,35.04,7.61,-0.08,1,MATCH_001
17,1.7,ATL_002,Local,75.8,35.14,5.68,0.46,1,MATCH_001
18,1.8,ATL_002,Local,76.08,35.28,3.15,0.64,1,MATCH_001
19,1.9,ATL_002,Local,76.75,35.34,6.67,0.71,1,MATCH_001
20,2.0,ATL_002,Local,76.7,35.77,4.34,-0.68,1,MATCH_001
21,2.1,ATL_002,Local,77.6,35.76,9.01,-1.43,1,MATCH_001
22,2.2,ATL_002,Local,77.67,35.55,2.14,0.84,1,MATCH_001
23,2.3,ATL_002,Local,77.34,35.42,3.53,-1.89,1,MATCH_001
24,2.4,ATL_002,Local,77.11,34.69,7.62,-1.58,1,MATCH_001
25,2.5,ATL_002,Local,77.49,34.93,4.47,0.43,1,MATCH_001
26,2.6,ATL_002,Local,77.01,34.91,4.84,-0.0,1,MATCH_001
27,2.7,ATL_002,Local,76.43,35.36,7.34,0.88,1,MATCH_001
28,2.8,ATL_002,Local,76.32,35.37,1.11,0.21,1,MATCH_001
29,2.9,ATL_002,Local,75.3,35.3,10.24,-0.68,1,MATCH_001
30,3.0,ATL_002,Local,74.8,35.21,5.08,1.8,1,MATCH_001
31,3.1,ATL_002,Local,75.12,35.04,3.63,0.57,1,MATCH_001
32,3.2,ATL_002,Local,75.82,35.32,7.53,0.06,1,MATCH_001
33,3.3,ATL_002,Local,75.5,35.53,3.85,0.39,1,MATCH_001
34,3.4,ATL_002,Local,75.94,35.72,4.86,1.05,1,MATCH_001
35,3.5,ATL_002,Local,75.68,36.11,4.77,0.2,1,MATCH_001
36,3.6,ATL_002,Local,76.71,35.91,10.58,1.74,1,MATCH_001
37,3.7,ATL_002,Local,76.81,35.71,2.19,-0.48,1,MATCH_001
38,3.8,ATL_002,Local,76.65,35.84,2.05,0.52,1,MATCH_001
39,3.9,ATL_002,Local,76.37,35.83,2.87,2.14,1,MATCH_001
40,4.0,ATL_002,Local,77.23,35.96,8.74,0.04,1,MATCH_001
41,4.1,ATL_002,Local,77.29,36.15,1.94,-1.02,1,MATCH_001
42,4.2,ATL_002,Local,77.16,35.65,5.17,0.4,1,MATCH_001
43,4.3,ATL_002,Local,77.48,35.5,3.55,1.57,1,MATCH_001
44,4.4,ATL_002,Local,76.87,35.06,7.54,0.22,1,MATCH_001
45,4.5,ATL_002,Local,77.4,35.57,7.28,-0.46,1,MATCH_001
46,4.6,ATL_002,Local,77.93,35.56,5.39,-0.17,1,MATCH_001
47,4.7,ATL_002,Local,78.38,35.75,4.83,-1.58,1,MATCH_001
48,4.8,ATL_002,Local,79.11,36.17,8.46,-0.63,1,MATCH_001
49,4.9,ATL_002,Local,79.31,36.31,2.47,0.26,1,MATCH_001
50,5.0,ATL_002,Local,79.04,36.11,3.41,-0.03,1,MATCH_001
51,5.1,ATL_002,Local,79.62,36.28,6.09,-0.37,1,MATCH_001
52,5.2,ATL_002,Local,80.01,35.42,9.38,1.15,1,MATCH_001
53,5.3,ATL_002,Local,79.14,35.31,8.77,-1.12,1,MATCH_001
54,5.4,ATL_002,Local,78.49,35.66,7.35,-0.47,1,MATCH_001
55,5.5,ATL_002,Local,78.67,35.65,1.74,0.48,1,MATCH_001
56,5.6,ATL_002,Local,78.7,35.26,3.87,1.0,1,MATCH_001
57,5.7,ATL_002,Local,78.46,34.79,5.28,-0.43,1,MATCH_001
58,5.8,ATL_002,Local,79.21,35.05,7.93,-0.35,1,MATCH_001
59,5.9,ATL_002,Local,79.03,34.95,2.0,2.08,1,MATCH_001
60,6.0,ATL_002,Local,79.22,35.08,2.3,1.03,1,MATCH_001
61,6.1,ATL_002,Local,79.34,35.0,1.42,-0.2,1,MATCH_001
62,6.2,ATL_002,Local,79.31,34.99,0.38,0.73,1,MATCH_001
63,6.3,ATL_002,Local,79.33,35.21,2.21,-0.08,1,MATCH_001
64,6.4,ATL_002,Local,79.37,34.61,6.01,0.92,1,MATCH_001
65,6.5,ATL_002,Local,79.55,34.91,3.46,-2.9,1,MATCH_001
66,6.6,ATL_002,Local,80.59,34.87,10.45,1.11,1,MATCH_001
67,6.7,ATL_002,Local,80.07,35.06,5.51,-1.05,1,MATCH_001
68,6.8,ATL_002,Local,79.76,35.63,6.53,-0.19,1,MATCH_001
69,6.9,ATL_002,Local,79.87,35.89,2.83,0.5,1,MATCH_001
70,7.0,ATL_002,Local,79.94,36.0,1.33,2.4,1,MATCH_001
71,7.1,ATL_002,Local,79.91,36.06,0.67,1.05,1,MATCH_001
72,7.2,ATL_002,Local,80.47,36.42,6.58,0.64,1,MATCH_001
73,7.3,ATL_002,Local,79.89,36.91,7.53,-1.15,1,MATCH_001
74,7.4,ATL_002,Local,80.05,36.68,2.72,-0.06,1,MATCH_001
75,7.5,ATL_002,Local,80.21,36.78,1.91,0.42,1,MATCH_001
76,7.6,ATL_002,Local,81.02,36.91,8.18,-0.24,1,MATCH_001
77,7.7,ATL_002,Local,81.5,37.27,6.0,-1.23,1,MATCH_001
78,7.8,ATL_002,Local,81.8,37.48,3.65,-0.3,1,MATCH_001
79,7.9,ATL_002,Local,82.49,37.43,6.89,0.13,1,MATCH_001
80,8.0,ATL_002,Local,82.4,37.44,0.87,-1.1,1,MATCH_001
81,8.1,ATL_002,Local,81.68,37.92,8.64,-0.85,1,MATCH_001
82,8.2,ATL_002,Local,81.18,37.27,8.14,-0.64,1,MATCH_001
83,8.3,ATL_002,Local,80.52,37.76,8.25,1.01,1,MATCH_001
84,8.4,ATL_002,Local,80.18,38.44,7.58,0.98,1,MATCH_001
85,8.5,ATL_002,Local,80.02,37.69,7.67,2.29,1,MATCH_001
86,8.6,ATL_002,Local,79.32,37.2,8.52,1.02,1,MATCH_001
87,8.7,ATL_002,Local,80.54,37.61,12.89,0.56,1,MATCH_001
88,8.8,ATL_002,Local,80.84,37.87,3.92,0.76,1,MATCH_001
89,8.9,ATL_002,Local,80.98,37.9,1.44,-0.06,1,MATCH_001
90,9.0,ATL_002,Local,80.6,37.82,3.86,-1.69,1,MATCH_001
91,9.1,ATL_002,Local,80.55,37.52,3.01,-1.1,1,MATCH_001
92,9.2,ATL_002,Local,80.64,37.94,4.27,0.92,1,MATCH_001
93,9.3,ATL_002,Local,79.86,37.64,8.4,0.94,1,MATCH_001
94,9.4,ATL_002,Local,79.37,37.57,4.96,0.55,1,MATCH_001
95,9.5,ATL_002,Local,78.88,37.6,4.85,-1.33,1,MATCH_001
96,9.6,ATL_002,Local,78.58,37.7,3.16,-1.59,1,MATCH_001
97,9.7,ATL_002,Local,78.8,37.69,2.2,0.55,1,MATCH_001
98,9.8,ATL_002,Local,78.91,38.1,4.24,0.13,1,MATCH_001
99,9.9,ATL_002,Local,78.7,38.14,2.18,0.54,1,MATCH_001
100,10.0,ATL_002,Local,78.72,38.15,0.27,-0.7,1,MATCH_001
101,10.1,ATL_002,Local,78.39,37.73,5.36,1.75,1,MATCH_001
102,10.2,ATL_002,Local,77.77,37.52,6.56,-0.72,1,MATCH_001
103,10.3,ATL_002,Local,78.22,37.43,4.56,1.25,1,MATCH_001
104,10.4,ATL_002,Local,77.88,37.52,3.47,-0.84,1,MATCH_001
105,10.5,ATL_002,Local,78.95,37.16,11.3,0.31,1,MATCH_001
106,10.6,ATL_002,Local,79.27,37.29,3.4,-0.19,1,MATCH_001
107,10.7,ATL_002,Local,79.2,37.3,0.66,-0.15,1,MATCH_001
108,10.8,ATL_002,Local,79.69,37.96,8.2,-0.56,1,MATCH_001
109,10.9,ATL_002,Local,79.0,37.94,6.85,2.58,1,MATCH_001
110,11.0,ATL_002,Local,78.6,38.43,6.35,1.68,1,MATCH_001
111,11.1,ATL_002,Local,78.32,38.6,3.25,1.63,1,MATCH_001
112,11.2,ATL_002,Local,78.13,38.54,1.99,-0.58,1,MATCH_001
113,11.3,ATL_002,Local,77.63,38.34,5.43,-1.22,1,MATCH_001
114,11.4,ATL_002,Local,77.64,38.11,2.32,0.23,1,MATCH_001
115,11.5,ATL_002,Local,76.87,38.21,7.84,0.83,1,MATCH_001
116,11.6,ATL_002,Local,75.87,38.32,10.03,1.23,1,MATCH_001
117,11.7,ATL_002,Local,75.26,38.82,7.86,0.42,1,MATCH_001
118,11.8,ATL_002,Local,74.91,38.81,3.53,0.56,1,MATCH_001
119,11.9,ATL_002,Local,74.95,38.97,1.66,-0.92,1,MATCH_001
120,12.0,ATL_002,Local,75.03,38.55,4.32,-0.11,1,MATCH_001
121,12.1,ATL_002,Local,74.58,38.32,5.03,1.24,1,MATCH_001
122,12.2,ATL_002,Local,75.13,38.51,5.75,-1.09,1,MATCH_001
123,12.3,ATL_002,Local,74.97,38.87,3.97,0.14,1,MATCH_001
124,12.4,ATL_002,Local,76.13,38.99,11.66,0.19,1,MATCH_001
125,12.5,ATL_002,Local,75.97,39.03,1.6,-0.15,1,MATCH_001
126,12.6,ATL_002,Local,76.33,39.32,4.56,-0.79,1,MATCH_001
127,12.7,ATL_002,Local,75.66,38.77,8.64,0.51,1,MATCH_001
128,12.8,ATL_002,Local,75.11,38.12,8.49,0.39,1,MATCH_001
129,12.9,ATL_002,Local,76.36,38.12,12.47,0.84,1,MATCH_001
130,13.0,ATL_002,Local,76.4,38.09,0.51,0.92,1,MATCH_001
131,13.1,ATL_002,Local,76.25,38.17,1.66,0.32,1,MATCH_001
132,13.2,ATL_002,Local,75.92,38.47,4.47,-0.17,1,MATCH_001
133,13.3,ATL_002,Local,75.54,38.63,4.11,-0.9,1,MATCH_001
134,13.4,ATL_002,Local,75.56,38.62,0.14,1.09,1,MATCH_001
135,13.5,ATL_002,Local,75.79,38.62,2.37,0.82,1,MATCH_001
136,13.6,ATL_002,Local,76.49,38.78,7.15,0.01,1,MATCH_001
137,13.7,ATL_002,Local,75.83,38.46,7.3,-0.31,1,MATCH_001
138,13.8,ATL_002,Local,75.53,38.41,3.1,0.06,1,MATCH_001
139,13.9,ATL_002,Local,75.79,38.39,2.66,0.49,1,MATCH_001
140,14.0,ATL_002,Local,75.82,37.79,5.94,-0.94,1,MATCH_001
141,14.1,ATL_002,Local,75.75,37.43,3.7,0.6,1,MATCH_001
142,14.2,ATL_002,Local,76.52,37.8,8.48,-0.21,1,MATCH_001
143,14.3,ATL_002,Local,77.26,37.84,7.47,-0.34,1,MATCH_001
144,14.4,ATL_002,Local,76.96,37.75,3.2,-0.39,1,MATCH_001
145,14.5,ATL_002,Local,77.04,37.8,0.98,0.0,1,MATCH_001
146,14.6,ATL_002,Local,77.26,38.16,4.19,0.95,1,MATCH_001
147,14.7,ATL_002,Local,76.52,37.39,10.67,0.93,1,MATCH_001
148,14.8,ATL_002,Local,75.83,37.32,6.87,-1.17,1,MATCH_001
149,14.9,ATL_002,Local,74.93,37.49,9.16,0.76,1,MATCH_001
150,15.0,ATL_002,Local,74.65,36.71,8.29,-0.55,1,MATCH_001
151,15.1,ATL_002,Local,74.84,36.26,4.85,0.18,1,MATCH_001
152,15.2,ATL_002,Local,74.83,36.44,1.74,0.12,1,MATCH_001
153,15.3,ATL_002,Local,74.35,36.8,6.05,-0.16,1,MATCH_001
154,15.4,ATL_002,Local,74.33,36.52,2.8,-0.44,1,MATCH_001
155,15.5,ATL_002,Local,73.89,36.47,4.45,1.71,1,MATCH_001
156,15.6,ATL_002,Local,73.2,35.98,8.4,1.47,1,MATCH_001
157,15.7,ATL_002,Local,73.1,35.78,2.26,1.04,1,MATCH_001
158,15.8,ATL_002,Local,72.8,36.33,6.26,0.68,1,MATCH_001
159,15.9,ATL_002,Local,72.55,36.98,6.92,-0.61,1,MATCH_001
160,16.0,ATL_002,Local,72.92,37.07,3.82,1.3,1,MATCH_001
161,16.1,ATL_002,Local,73.71,37.08,7.81,-0.75,1,MATCH_001
162,16.2,ATL_002,Local,73.94,36.87,3.07,2.01,1,MATCH_001
163,16.3,ATL_002,Local,74.0,36.76,1.29,0.18,1,MATCH_001
164,16.4,ATL_002,Local,73.33,36.47,7.34,1.2,1,MATCH_001
165,16.5,ATL_002,Local,73.0,36.16,4.54,0.54,1,MATCH_001
166,16.6,ATL_002,Local,73.59,36.37,6.31,1.0,1,MATCH_001
167,16.7,ATL_002,Local,73.22,35.95,5.7,1.5,1,MATCH_001
168,16.8,ATL_002,Local,73.05,35.87,1.78,1.33,1,MATCH_001
169,16.9,ATL_002,Local,73.33,36.01,3.1,2.17,1,MATCH_001
170,17.0,ATL_002,Local,73.01,36.29,4.25,0.06,1,MATCH_001
171,17.1,ATL_002,Local,73.15,36.74,4.78,0.51,1,MATCH_001
172,17.2,ATL_002,Local,73.41,37.07,4.19,-0.36,1,MATCH_001
173,17.3,ATL_002,Local,72.99,36.75,5.24,-1.97,1,MATCH_001
174,17.4,ATL_002,Local,74.02,36.42,10.8,-0.22,1,MATCH_001
175,17.5,ATL_002,Local,73.88,36.51,1.66,0.82,1,MATCH_001
176,17.6,ATL_002,Local,74.31,36.34,4.64,-0.17,1,MATCH_001
177,17.7,ATL_002,Local,74.46,36.26,1.6,1.61,1,MATCH_001
178,17.8,ATL_002,Local,74.7,36.48,3.3,0.66,1,MATCH_001
179,17.9,ATL_002,Local,75.29,36.54,5.89,-1.3,1,MATCH_001
180,18.0,ATL_002,Local,75.49,36.34,2.8,-0.53,1,MATCH_001
181,18.1,ATL_002,Local,75.78,36.72,4.73,0.02,1,MATCH_001
182,18.2,ATL_002,Local,75.94,37.23,5.34,0.24,1,MATCH_001
183,18.3,ATL_002,Local,77.24,37.4,13.12,-1.76,1,MATCH_001
184,18.4,ATL_002,Local,77.61,37.51,3.94,1.29,1,MATCH_001
185,18.5,ATL_002,Local,77.95,37.47,3.39,-1.22,1,MATCH_001
186,18.6,ATL_002,Local,77.85,37.21,2.76,-0.58,1,MATCH_001
187,18.7,ATL_002,Local,78.14,37.71,5.81,0.39,1,MATCH_001
188,18.8,ATL_002,Local,77.54,37.85,6.13,1.2,1,MATCH_001
189,18.9,ATL_002,Local,77.24,37.81,3.08,0.01,1,MATCH_001
190,19.0,ATL_002,Local,76.84,38.0,4.38,-0.12,1,MATCH_001
191,19.1,ATL_002,Local,77.05,37.74,3.39,-0.44,1,MATCH_001
192,19.2,ATL_002,Local,77.42,37.62,3.78,1.73,1,MATCH_001
193,19.3,ATL_002,Local,77.22,37.69,2.11,0.93,1,MATCH_001
194,19.4,ATL_002,Local,76.51,37.16,8.84,-1.53,1,MATCH_001
195,19.5,ATL_002,Local,77.14,37.0,6.53,2.56,1,MATCH_001
196,19.6,ATL_002,Local,76.86,37.05,2.88,1.54,1,MATCH_001
197,19.7,ATL_002,Local,77.86,37.67,11.78,1.21,1,MATCH_001
198,19.8,ATL_002,Local,78.37,37.85,5.42,0.78,1,MATCH_001
199,19.9,ATL_002,Local,78.09,37.6,3.69,-0.0,1,MATCH_001
200,20.0,ATL_002,Local,78.01,37.47,1.6,0.7,1,MATCH_001
201,20.1,ATL_002,Local,78.49,37.49,4.78,1.48,1,MATCH_001
202,20.2,ATL_002,Local,77.92,37.44,5.74,-0.72,1,MATCH_001
203,20.3,ATL_002,Local,76.98,37.41,9.34,-0.12,1,MATCH_001
204,20.4,ATL_002,Local,77.74,37.6,7.8,-1.02,1,MATCH_001
205,20.5,ATL_002,Local,78.67,37.97,9.97,0.58,1,MATCH_001
206,20.6,ATL_002,Local,78.55,37.68,3.09,-0.37,1,MATCH_001
207,20.7,ATL_002,Local,79.1,38.24,7.85,1.54,1,MATCH_001
208,20.8,ATL_002,Local,78.85,37.91,4.15,0.14,1,MATCH_001
209,20.9,ATL_002,Local,77.97,38.01,8.9,-0.15,1,MATCH_001
210,21.0,ATL_002,Local,77.74,37.53,5.32,0.51,1,MATCH_001
211,21.1,ATL_002,Local,77.47,37.18,4.41,-2.87,1,MATCH_001
212,21.2,ATL_002,Local,77.46,37.71,5.32,1.66,1,MATCH_001
213,21.3,ATL_002,Local,77.23,37.53,2.91,0.47,1,MATCH_001
214,21.4,ATL_002,Local,76.73,37.62,5.07,0.77,1,MATCH_001
215,21.5,ATL_002,Local,77.34,37.59,6.14,-0.2,1,MATCH_001
216,21.6,ATL_002,Local,76.9,37.34,5.04,-0.23,1,MATCH_001
217,21.7,ATL_002,Local,77.09,37.61,3.3,-0.8,1,MATCH_001
218,21.8,ATL_002,Local,77.83,37.53,7.51,-0.02,1,MATCH_001
219,21.9,ATL_002,Local,77.46,36.8,8.18,0.88,1,MATCH_001
220,22.0,ATL_002,Local,77.83,36.72,3.78,0.07,1,MATCH_001
221,22.1,ATL_002,Local,78.09,36.25,5.35,-0.53,1,MATCH_001
222,22.2,ATL_002,Local,78.48,35.88,5.47,0.29,1,MATCH_001
223,22.3,ATL_002,Local,77.8,36.02,6.93,-0.04,1,MATCH_001
224,22.4,ATL_002,Local,77.0,36.36,8.8,-0.73,1,MATCH_001
225,22.5,ATL_002,Local,76.59,36.42,4.1,1.15,1,MATCH_001
226,22.6,ATL_002,Local,76.08,36.44,5.08,0.43,1,MATCH_001
227,22.7,ATL_002,Local,76.43,36.5,3.51,-0.37,1,MATCH_001
228,22.8,ATL_002,Local,76.02,36.52,4.15,-1.07,1,MATCH_001
229,22.9,ATL_002,Local,74.56,36.65,14.67,0.9,1,MATCH_001
230,23.0,ATL_002,Local,73.37,36.35,12.2,0.62,1,MATCH_001
231,23.1,ATL_002,Local,74.4,36.36,10.29,-0.73,1,MATCH_001
232,23.2,ATL_002,Local,74.31,36.77,4.22,-0.65,1,MATCH_001
233,23.3,ATL_002,Local,73.91,36.62,4.25,-0.95,1,MATCH_001
234,23.4,ATL_002,Local,73.97,37.11,4.91,0.32,1,MATCH_001
235,23.5,ATL_002,Local,73.85,37.02,1.54,-1.56,1,MATCH_001
236,23.6,ATL_002,Local,74.29,37.0,4.42,-0.18,1,MATCH_001
237,23.7,ATL_002,Local,75.89,37.09,15.99,-0.75,1,MATCH_001
238,23.8,ATL_002,Local,75.67,37.43,4.05,0.11,1,MATCH_001
239,23.9,ATL_002,Local,74.95,37.71,7.7,-0.67,1,MATCH_001
240,24.0,ATL_002,Local,75.89,38.03,9.91,-0.45,1,MATCH_001
241,24.1,ATL_002,Local,76.53,38.05,6.41,0.85,1,MATCH_001
242,24.2,ATL_002,Local,76.77,37.8,3.51,-0.64,1,MATCH_001
243,24.3,ATL_002,Local,77.29,37.7,5.25,-0.4,1,MATCH_001
244,24.4,ATL_002,Local,76.81,37.83,4.94,2.06,1,MATCH_001
245,24.5,ATL_002,Local,76.28,37.83,5.34,1.41,1,MATCH_001
246,24.6,ATL_002,Local,76.24,37.97,1.41,-1.06,1,MATCH_001
247,24.7,ATL_002,Local,76.45,37.91,2.21,0.99,1,MATCH_001
248,24.8,ATL_002,Local,77.04,38.69,9.78,0.58,1,MATCH_001
249,24.9,ATL_002,Local,77.21,38.75,1.73,-0.35,1,MATCH_001
250,25.0,ATL_002,Local,77.38,38.66,1.91,0.17,1,MATCH_001
251,25.1,ATL_002,Local,78.04,38.36,7.25,1.14,1,MATCH_001
252,25.2,ATL_002,Local,78.69,38.32,6.6,-2.12,1,MATCH_001
253,25.3,ATL_002,Local,78.39,38.71,4.94,-0.02,1,MATCH_001
254,25.4,ATL_002,Local,77.89,38.56,5.22,0.84,1,MATCH_001
255,25.5,ATL_002,Local,78.16,38.49,2.83,-0.37,1,MATCH_001
256,25.6,ATL_002,Local,77.97,38.21,3.39,1.62,1,MATCH_001
257,25.7,ATL_002,Local,77.81,38.58,3.99,1.52,1,MATCH_001
258,25.8,ATL_002,Local,78.31,38.45,5.16,0.4,1,MATCH_001
259,25.9,ATL_002,Local,78.29,38.18,2.71,0.32,1,MATCH_001
260,26.0,ATL_002,Local,77.7,38.53,6.89,-0.46,1,MATCH_001
261,26.1,ATL_002,Local,77.81,38.62,1.32,-0.26,1,MATCH_001
262,26.2,ATL_002,Local,78.1,38.48,3.26,0.87,1,MATCH_001
263,26.3,ATL_002,Local,77.43,38.51,6.74,1.94,1,MATCH_001
264,26.4,ATL_002,Local,76.93,38.31,5.4,0.51,1,MATCH_001
265,26.5,ATL_002,Local,77.02,38.42,1.38,0.49,1,MATCH_001
266,26.6,ATL_002,Local,77.33,38.75,4.6,0.41,1,MATCH_001
267,26.7,ATL_002,Local,77.21,38.95,2.35,1.9,1,MATCH_001
268,26.8,ATL_002,Local,77.15,38.66,3.0,1.11,1,MATCH_001
269,26.9,ATL_002,Local,77.09,38.01,6.55,0.85,1,MATCH_001
270,27.0,ATL_002,Local,76.82,37.98,2.69,0.33,1,MATCH_001
271,27.1,ATL_002,Local,76.91,38.19,2.33,-0.44,1,MATCH_001
272,27.2,ATL_002,Local,77.17,38.11,2.68,0.74,1,MATCH_001
273,27.3,ATL_002,Local,77.48,37.83,4.16,1.09,1,MATCH_001
274,27.4,ATL_002,Local,77.21,38.08,3.61,0.37,1,MATCH_001
275,27.5,ATL_002,Local,78.13,38.01,9.22,-0.35,1,MATCH_001
276,27.6,ATL_002,Local,78.12,37.92,0.91,0.8,1,MATCH_001
277,27.7,ATL_002,Local,77.31,37.6,8.68,-1.07,1,MATCH_001
278,27.8,ATL_002,Local,77.79,38.12,6.99,-0.1,1,MATCH_001
279,27.9,ATL_002,Local,77.7,38.14,0.87,1.16,1,MATCH_001
280,28.0,ATL_002,Local,77.24,38.21,4.69,0.98,1,MATCH_001
281,28.1,ATL_002,Local,77.49,38.26,2.57,1.0,1,MATCH_001
282,28.2,ATL_002,Local,76.14,38.47,13.67,-0.65,1,MATCH_001
283,28.3,ATL_002,Local,75.22,38.62,9.28,1.37,1,MATCH_001
284,28.4,ATL_002,Local,75.15,38.91,2.94,1.61,1,MATCH_001
285,28.5,ATL_002,Local,75.81,39.4,8.21,0.74,1,MATCH_001
286,28.6,ATL_002,Local,75.85,38.92,4.82,-0.25,1,MATCH_001
287,28.7,ATL_002,Local,75.43,39.57,7.76,-0.18,1,MATCH_001
288,28.8,ATL_002,Local,75.49,39.74,1.77,0.04,1,MATCH_001
289,28.9,ATL_002,Local,76.34,39.55,8.68,0.19,1,MATCH_001
290,29.0,ATL_002,Local,75.96,39.15,5.43,-0.61,1,MATCH_001
291,29.1,ATL_002,Local,75.95,39.02,1.3,-0.69,1,MATCH_001
292,29.2,ATL_002,Local,75.24,39.0,7.04,-1.5,1,MATCH_001
293,29.3,ATL_002,Local,75.62,39.02,3.81,-1.46,1,MATCH_001
294,29.4,ATL_002,Local,75.47,38.8,2.74,0.32,1,MATCH_001
295,29.5,ATL_002,Local,76.14,38.24,8.75,0.12,1,MATCH_001
296,29.6,ATL_002,Local,76.06,38.44,2.17,0.21,1,MATCH_001
297,29.7,ATL_002,Local,75.68,38.34,3.88,-0.8,1,MATCH_001
298,29.8,ATL_002,Local,76.22,38.35,5.38,1.9,1,MATCH_001
299,29.9,ATL_002,Local,76.19,38.13,2.15,-1.51,1,MATCH_001
0,0.0,ATL_003,Local,47.55,29.88,2.03,-1.58,1,MATCH_001
1,0.1,ATL_003,Local,48.0,29.74,4.7,0.15,1,MATCH_001
2,0.2,ATL_003,Local,48.81,30.01,8.5,-0.27,1,MATCH_001
3,0.3,ATL_003,Local,48.36,29.36,7.84,-0.72,1,MATCH_001
4,0.4,ATL_003,Local,48.25,29.06,3.14,-0.13,1,MATCH_001
5,0.5,ATL_003,Local,48.29,29.0,0.78,-0.65,1,MATCH_001
6,0.6,ATL_003,Local,48.38,29.13,1.57,-1.09,1,MATCH_001
7,0.7,ATL_003,Local,49.08,29.1,7.06,0.02,1,MATCH_001
8,0.8,ATL_003,Local,49.44,29.17,3.61,0.95,1,MATCH_001
9,0.9,ATL_003,Local,49.58,28.99,2.33,0.36,1,MATCH_001
10,1.0,ATL_003,Local,49.01,29.02,5.73,-0.03,1,MATCH_001
11,1.1,ATL_003,Local,48.9,28.98,1.11,-1.88,1,MATCH_001
12,1.2,ATL_003,Local,48.63,29.01,2.76,0.16,1,MATCH_001
13,1.3,ATL_003,Local,48.12,29.39,6.39,-0.87,1,MATCH_001
14,1.4,ATL_003,Local,48.6,29.52,5.01,-0.65,1,MATCH_001
15,1.5,ATL_003,Local,49.49,29.16,9.57,0.92,1,MATCH_001
16,1.6,ATL_003,Local,49.99,28.96,5.39,1.39,1,MATCH_001
17,1.7,ATL_003,Local,49.86,29.04,1.52,0.26,1,MATCH_001
18,1.8,ATL_003,Local,49.8,29.29,2.52,0.79,1,MATCH_001
19,1.9,ATL_003,Local,48.92,29.68,9.58,-1.66,1,MATCH_001
20,2.0,ATL_003,Local,49.44,30.02,6.17,-1.09,1,MATCH_001
21,2.1,ATL_003,Local,49.23,29.68,3.9,-0.21,1,MATCH_001
22,2.2,ATL_003,Local,49.08,29.92,2.8,1.31,1,MATCH_001
23,2.3,ATL_003,Local,49.78,29.75,7.18,-0.21,1,MATCH_001
24,2.4,ATL_003,Local,48.94,29.51,8.76,0.96,1,MATCH_001
25,2.5,ATL_003,Local,49.74,29.14,8.89,-0.59,1,MATCH_001
26,2.6,ATL_003,Local,49.73,29.22,0.85,-0.81,1,MATCH_001
27,2.7,ATL_003,Local,49.94,29.08,2.55,-0.01,1,MATCH_001
28,2.8,ATL_003,Local,50.22,29.08,2.73,-0.44,1,MATCH_001
29,2.9,ATL_003,Local,50.16,29.05,0.61,-0.37,1,MATCH_001
30,3.0,ATL_003,Local,50.03,29.53,4.97,0.56,1,MATCH_001
31,3.1,ATL_003,Local,49.88,29.74,2.56,-0.33,1,MATCH_001
32,3.2,ATL_003,Local,50.47,29.85,5.97,-0.11,1,MATCH_001
33,3.3,ATL_003,Local,50.69,29.38,5.22,-1.13,1,MATCH_001
34,3.4,ATL_003,Local,50.1,29.43,5.99,1.73,1,MATCH_001
35,3.5,ATL_003,Local,51.21,29.62,11.32,0.5,1,MATCH_001
36,3.6,ATL_003,Local,50.31,29.45,9.15,-0.79,1,MATCH_001
37,3.7,ATL_003,Local,50.0,29.4,3.14,-0.47,1,MATCH_001
38,3.8,ATL_003,Local,49.01,29.63,10.15,-1.07,1,MATCH_001
39,3.9,ATL_003,Local,49.13,30.25,6.34,-0.92,1,MATCH_001
40,4.0,ATL_003,Local,47.87,30.16,12.68,1.1,1,MATCH_001
41,4.1,ATL_003,Local,48.85,29.8,10.46,0.5,1,MATCH_001
42,4.2,ATL_003,Local,48.61,29.76,2.35,2.64,1,MATCH_001
43,4.3,ATL_003,Local,47.86,29.84,7.55,0.47,1,MATCH_001
44,4.4,ATL_003,Local,48.4,29.87,5.44,0.31,1,MATCH_001
45,4.5,ATL_003,Local,48.21,29.95,2.12,-0.34,1,MATCH_001
46,4.6,ATL_003,Local,48.52,29.84,3.3,0.38,1,MATCH_001
47,4.7,ATL_003,Local,48.5,30.18,3.38,-0.05,1,MATCH_001
48,4.8,ATL_003,Local,47.62,30.56,9.64,-0.91,1,MATCH_001
49,4.9,ATL_003,Local,47.29,30.38,3.73,1.37,1,MATCH_001
50,5.0,ATL_003,Local,46.22,31.32,14.24,1.06,1,MATCH_001
51,5.1,ATL_003,Local,46.34,31.3,1.13,0.29,1,MATCH_001
52,5.2,ATL_003,Local,46.6,31.5,3.25,0.56,1,MATCH_001
53,5.3,ATL_003,Local,46.64,31.44,0.74,-0.15,1,MATCH_001
54,5.4,ATL_003,Local,46.54,31.78,3.54,0.59,1,MATCH_001
55,5.5,ATL_003,Local,45.07,31.97,14.83,0.19,1,MATCH_001
56,5.6,ATL_003,Local,45.06,31.86,1.17,1.12,1,MATCH_001
57,5.7,ATL_003,Local,45.54,31.62,5.27,0.41,1,MATCH_001
58,5.8,ATL_003,Local,45.05,31.21,6.38,-0.63,1,MATCH_001
59,5.9,ATL_003,Local,45.48,31.5,5.17,0.51,1,MATCH_001
60,6.0,ATL_003,Local,45.85,31.65,3.94,-0.64,1,MATCH_001
61,6.1,ATL_003,Local,46.06,31.89,3.23,0.75,1,MATCH_001
62,6.2,ATL_003,Local,46.66,32.1,6.31,0.35,1,MATCH_001
63,6.3,ATL_003,Local,47.19,32.1,5.35,-0.88,1,MATCH_001
64,6.4,ATL_003,Local,47.11,31.87,2.38,-0.68,1,MATCH_001
65,6.5,ATL_003,Local,47.04,31.63,2.48,-0.31,1,MATCH_001
66,6.6,ATL_003,Local,46.09,31.7,9.49,0.0,1,MATCH_001
67,6.7,ATL_003,Local,45.68,31.9,4.54,0.94,1,MATCH_001
68,6.8,ATL_003,Local,44.88,31.67,8.36,-0.77,1,MATCH_001
69,6.9,ATL_003,Local,44.41,31.92,5.32,-0.19,1,MATCH_001
70,7.0,ATL_003,Local,44.28,31.32,6.16,0.64,1,MATCH_001
71,7.1,ATL_003,Local,43.66,31.33,6.2,0.28,1,MATCH_001
72,7.2,ATL_003,Local,44.34,30.94,7.86,-3.02,1,MATCH_001
73,7.3,ATL_003,Local,44.43,31.48,5.48,1.24,1,MATCH_001
74,7.4,ATL_003,Local,44.53,31.33,1.81,0.81,1,MATCH_001
75,7.5,ATL_003,Local,44.05,31.48,5.07,0.51,1,MATCH_001
76,7.6,ATL_003,Local,44.58,32.3,9.83,0.39,1,MATCH_001
77,7.7,ATL_003,Local,44.32,32.3,2.55,-1.77,1,MATCH_001
78,7.8,ATL_003,Local,43.97,32.17,3.68,-0.52,1,MATCH_001
79,7.9,ATL_003,Local,44.05,31.93,2.58,1.12,1,MATCH_001
80,8.0,ATL_003,Local,44.05,31.92,0.03,-0.33,1,MATCH_001
81,8.1,ATL_003,Local,44.13,32.17,2.59,-0.87,1,MATCH_001
82,8.2,ATL_003,Local,43.8,32.08,3.41,-1.35,1,MATCH_001
83,8.3,ATL_003,Local,43.39,31.94,4.34,0.87,1,MATCH_001
84,8.4,ATL_003,Local,43.52,32.0,1.44,0.85,1,MATCH_001
85,8.5,ATL_003,Local,43.45,32.11,1.36,-0.1,1,MATCH_001
86,8.6,ATL_003,Local,43.59,31.94,2.19,-2.44,1,MATCH_001
87,8.7,ATL_003,Local,43.52,32.37,4.32,0.93,1,MATCH_001
88,8.8,ATL_003,Local,44.0,32.74,6.09,0.09,1,MATCH_001
89,8.9,ATL_003,Local,44.1,32.55,2.1,-0.32,1,MATCH_001
90,9.0,ATL_003,Local,44.41,32.91,4.75,-0.14,1,MATCH_001
91,9.1,ATL_003,Local,44.18,32.91,2.25,0.6,1,MATCH_001
92,9.2,ATL_003,Local,43.46,32.22,9.98,-0.55,1,MATCH_001
93,9.3,ATL_003,Local,42.85,32.07,6.29,-0.15,1,MATCH_001
94,9.4,ATL_003,Local,42.62,32.51,4.91,0.33,1,MATCH_001
95,9.5,ATL_003,Local,42.77,32.69,2.4,-1.14,1,MATCH_001
96,9.6,ATL_003,Local,43.29,32.67,5.2,0.67,1,MATCH_001
97,9.7,ATL_003,Local,42.76,32.2,7.1,0.82,1,MATCH_001
98,9.8,ATL_003,Local,42.95,31.93,3.3,-0.87,1,MATCH_001
99,9.9,ATL_003,Local,43.51,31.58,6.66,1.64,1,MATCH_001
100,10.0,ATL_003,Local,43.06,31.77,4.89,-0.33,1,MATCH_001
101,10.1,ATL_003,Local,43.36,31.61,3.43,-0.16,1,MATCH_001
102,10.2,ATL_003,Local,43.38,31.3,3.01,0.74,1,MATCH_001
103,10.3,ATL_003,Local,43.12,31.24,2.66,-0.99,1,MATCH_001
104,10.4,ATL_003,Local,41.84,31.18,12.82,2.41,1,MATCH_001
105,10.5,ATL_003,Local,42.23,31.17,3.92,-0.26,1,MATCH_001
106,10.6,ATL_003,Local,42.25,31.34,1.65,-1.18,1,MATCH_001
107,10.7,ATL_003,Local,42.8,31.55,5.97,0.72,1,MATCH_001
108,10.8,ATL_003,Local,43.02,31.56,2.19,0.67,1,MATCH_001
109,10.9,ATL_003,Local,43.32,31.45,3.14,-0.57,1,MATCH_001
110,11.0,ATL_003,Local,43.37,31.92,4.67,-1.24,1,MATCH_001
111,11.1,ATL_003,Local,42.63,31.97,7.35,0.05,1,MATCH_001
112,11.2,ATL_003,Local,42.72,32.04,1.13,-0.22,1,MATCH_001
113,11.3,ATL_003,Local,43.47,31.56,8.86,-0.83,1,MATCH_001
114,11.4,ATL_003,Local,43.41,31.07,4.96,-0.18,1,MATCH_001
115,11.5,ATL_003,Local,44.25,31.07,8.31,0.23,1,MATCH_001
116,11.6,ATL_003,Local,43.62,30.89,6.57,-0.38,1,MATCH_001
117,11.7,ATL_003,Local,43.46,31.27,4.16,0.56,1,MATCH_001
118,11.8,ATL_003,Local,42.9,31.35,5.61,0.5,1,MATCH_001
119,11.9,ATL_003,Local,43.47,31.82,7.41,-1.02,1,MATCH_001
120,12.0,ATL_003,Local,43.07,31.44,5.54,-0.23,1,MATCH_001
121,12.1,ATL_003,Local,43.3,31.74,3.77,-0.08,1,MATCH_001
122,12.2,ATL_003,Local,43.14,31.78,1.66,-0.84,1,MATCH_001
123,12.3,ATL_003,Local,44.18,31.3,11.51,0.18,1,MATCH_001
124,12.4,ATL_003,Local,45.2,31.3,10.12,-0.19,1,MATCH_001
125,12.5,ATL_003,Local,45.02,31.25,1.87,1.37,1,MATCH_001
126,12.6,ATL_003,Local,43.91,31.71,11.98,-1.42,1,MATCH_001
127,12.7,ATL_003,Local,43.78,31.58,1.85,0.59,1,MATCH_001
128,12.8,ATL_003,Local,42.98,31.72,8.11,2.02,1,MATCH_001
129,12.9,ATL_003,Local,42.3,31.78,6.84,-0.66,1,MATCH_001
130,13.0,ATL_003,Local,42.51,31.78,2.13,-0.64,1,MATCH_001
131,13.1,ATL_003,Local,42.75,32.32,5.94,-0.19,1,MATCH_001
132,13.2,ATL_003,Local,43.11,31.94,5.29,-0.96,1,MATCH_001
133,13.3,ATL_003,Local,43.35,32.38,5.04,0.36,1,MATCH_001
134,13.4,ATL_003,Local,43.19,32.38,1.57,-1.25,1,MATCH_001
135,13.5,ATL_003,Local,43.5,32.64,4.02,-0.45,1,MATCH_001
136,13.6,ATL_003,Local,43.26,32.72,2.48,-0.44,1,MATCH_001
137,13.7,ATL_003,Local,43.23,33.35,6.31,-0.25,1,MATCH_001
138,13.8,ATL_003,Local,43.05,33.16,2.64,0.74,1,MATCH_001
139,13.9,ATL_003,Local,42.96,32.97,2.15,1.32,1,MATCH_001
140,14.0,ATL_003,Local,43.67,32.79,7.32,-1.87,1,MATCH_001
141,14.1,ATL_003,Local,44.17,32.58,5.44,0.79,1,MATCH_001
142,14.2,ATL_003,Local,43.19,32.85,10.21,-1.21,1,MATCH_001
143,14.3,ATL_003,Local,43.55,32.85,3.65,-0.95,1,MATCH_001
144,14.4,ATL_003,Local,43.35,33.06,2.9,0.11,1,MATCH_001
145,14.5,ATL_003,Local,43.64,33.65,6.61,-1.56,1,MATCH_001
146,14.6,ATL_003,Local,44.45,33.68,8.09,-0.9,1,MATCH_001
147,14.7,ATL_003,Local,43.78,33.63,6.68,0.92,1,MATCH_001
148,14.8,ATL_003,Local,43.72,34.08,4.58,-1.45,1,MATCH_001
149,14.9,ATL_003,Local,43.71,33.7,3.76,0.36,1,MATCH_001
150,15.0,ATL_003,Local,44.16,33.58,4.61,-2.6,1,MATCH_001
151,15.1,ATL_003,Local,44.26,33.71,1.65,0.4,1,MATCH_001
152,15.2,ATL_003,Local,44.87,33.39,6.96,0.68,1,MATCH_001
153,15.3,ATL_003,Local,45.47,32.85,8.0,0.32,1,MATCH_001
154,15.4,ATL_003,Local,45.22,32.83,2.53,0.35,1,MATCH_001
155,15.5,ATL_003,Local,44.98,32.63,3.17,0.03,1,MATCH_001
156,15.6,ATL_003,Local,44.43,32.3,6.34,0.68,1,MATCH_001
157,15.7,ATL_003,Local,43.86,32.5,6.08,0.46,1,MATCH_001
158,15.8,ATL_003,Local,42.99,32.3,8.87,1.19,1,MATCH_001
159,15.9,ATL_003,Local,42.5,32.16,5.1,0.46,1,MATCH_001
160,16.0,ATL_003,Local,42.9,32.08,3.99,-0.6,1,MATCH_001
161,16.1,ATL_003,Local,43.61,32.6,8.82,0.98,1,MATCH_001
162,16.2,ATL_003,Local,43.65,32.36,2.46,-0.83,1,MATCH_001
163,16.3,ATL_003,Local,43.91,32.49,2.9,1.4,1,MATCH_001
164,16.4,ATL_003,Local,44.24,32.04,5.56,1.05,1,MATCH_001
165,16.5,ATL_003,Local,43.74,31.92,5.12,0.25,1,MATCH_001
166,16.6,ATL_003,Local,44.73,32.85,13.66,0.61,1,MATCH_001
167,16.7,ATL_003,Local,44.64,33.01,1.85,0.89,1,MATCH_001
168,16.8,ATL_003,Local,44.48,33.55,5.62,0.23,1,MATCH_001
169,16.9,ATL_003,Local,44.73,33.75,3.19,0.42,1,MATCH_001
170,17.0,ATL_003,Local,45.15,33.57,4.59,-0.56,1,MATCH_001
171,17.1,ATL_003,Local,44.6,33.7,5.66,0.78,1,MATCH_001
172,17.2,ATL_003,Local,44.83,34.2,5.52,-0.01,1,MATCH_001
173,17.3,ATL_003,Local,45.16,33.87,4.68,-0.39,1,MATCH_001
174,17.4,ATL_003,Local,45.51,34.13,4.31,-0.29,1,MATCH_001
175,17.5,ATL_003,Local,45.48,33.67,4.57,-0.36,1,MATCH_001
176,17.6,ATL_003,Local,45.92,33.85,4.77,0.5,1,MATCH_001
177,17.7,ATL_003,Local,45.95,33.85,0.25,-0.66,1,MATCH_001
178,17.8,ATL_003,Local,46.3,33.97,3.72,0.49,1,MATCH_001
179,17.9,ATL_003,Local,46.03,33.33,6.97,1.1,1,MATCH_001
180,18.0,ATL_003,Local,45.79,33.07,3.53,0.69,1,MATCH_001
181,18.1,ATL_003,Local,45.6,33.39,3.74,0.62,1,MATCH_001
182,18.2,ATL_003,Local,45.94,32.98,5.34,1.21,1,MATCH_001
183,18.3,ATL_003,Local,46.07,32.87,1.71,0.14,1,MATCH_001
184,18.4,ATL_003,Local,45.18,32.99,8.97,-1.03,1,MATCH_001
185,18.5,ATL_003,Local,44.51,32.53,8.16,1.11,1,MATCH_001
186,18.6,ATL_003,Local,44.19,32.99,5.57,-0.54,1,MATCH_001
187,18.7,ATL_003,Local,43.34,32.66,9.17,1.24,1,MATCH_001
188,18.8,ATL_003,Local,43.26,32.49,1.82,0.16,1,MATCH_001
189,18.9,ATL_003,Local,43.51,32.83,4.19,1.45,1,MATCH_001
190,19.0,ATL_003,Local,43.33,32.43,4.37,-0.41,1,MATCH_001
191,19.1,ATL_003,Local,43.46,32.14,3.17,-0.96,1,MATCH_001
192,19.2,ATL_003,Local,43.63,32.13,1.73,0.03,1,MATCH_001
193,19.3,ATL_003,Local,43.25,32.06,3.85,-0.92,1,MATCH_001
194,19.4,ATL_003,Local,43.7,32.37,5.43,-1.85,1,MATCH_001
195,19.5,ATL_003,Local,43.23,31.92,6.46,-0.65,1,MATCH_001
196,19.6,ATL_003,Local,43.19,31.48,4.37,-0.92,1,MATCH_001
197,19.7,ATL_003,Local,42.69,31.55,5.06,0.07,1,MATCH_001
198,19.8,ATL_003,Local,42.33,31.6,3.65,-0.55,1,MATCH_001
199,19.9,ATL_003,Local,42.19,32.1,5.2,1.34,1,MATCH_001
200,20.0,ATL_003,Local,41.54,32.35,6.96,0.81,1,MATCH_001
201,20.1,ATL_003,Local,40.97,32.6,6.24,1.54,1,MATCH_001
202,20.2,ATL_003,Local,40.41,32.32,6.25,1.02,1,MATCH_001
203,20.3,ATL_003,Local,40.54,32.49,2.14,0.34,1,MATCH_001
204,20.4,ATL_003,Local,40.74,32.09,4.43,1.05,1,MATCH_001
205,20.5,ATL_003,Local,41.32,32.02,5.89,-0.04,1,MATCH_001
206,20.6,ATL_003,Local,40.56,32.17,7.81,0.57,1,MATCH_001
207,20.7,ATL_003,Local,40.53,32.51,3.39,-0.33,1,MATCH_001
208,20.8,ATL_003,Local,40.81,32.21,4.16,-0.02,1,MATCH_001
209,20.9,ATL_003,Local,40.72,32.27,1.1,-0.37,1,MATCH_001
210,21.0,ATL_003,Local,40.66,32.52,2.56,-0.44,1,MATCH_001
211,21.1,ATL_003,Local,39.85,33.05,9.6,1.38,1,MATCH_001
212,21.2,ATL_003,Local,39.21,33.25,6.78,-0.5,1,MATCH_001
213,21.3,ATL_003,Local,39.34,33.34,1.59,-0.23,1,MATCH_001
214,21.4,ATL_003,Local,38.95,33.13,4.43,-0.92,1,MATCH_001
215,21.5,ATL_003,Local,38.53,33.11,4.16,-0.72,1,MATCH_001
216,21.6,ATL_003,Local,38.87,33.56,5.62,-0.58,1,MATCH_001
217,21.7,ATL_003,Local,38.99,33.71,1.92,0.47,1,MATCH_001
218,21.8,ATL_003,Local,39.03,33.93,2.26,0.48,1,MATCH_001
219,21.9,ATL_003,Local,38.41,34.19,6.72,0.89,1,MATCH_001
220,22.0,ATL_003,Local,38.03,34.2,3.82,0.68,1,MATCH_001
221,22.1,ATL_003,Local,37.92,34.53,3.38,2.36,1,MATCH_001
222,22.2,ATL_003,Local,37.53,34.11,5.71,0.3,1,MATCH_001
223,22.3,ATL_003,Local,37.89,34.04,3.67,1.45,1,MATCH_001
224,22.4,ATL_003,Local,37.22,34.25,7.01,-0.61,1,MATCH_001
225,22.5,ATL_003,Local,38.08,34.85,10.47,-0.77,1,MATCH_001
226,22.6,ATL_003,Local,37.81,35.11,3.77,-0.39,1,MATCH_001
227,22.7,ATL_003,Local,37.78,35.11,0.24,-1.92,1,MATCH_001
228,22.8,ATL_003,Local,37.78,34.91,2.07,-0.49,1,MATCH_001
229,22.9,ATL_003,Local,38.5,34.53,8.14,0.81,1,MATCH_001
230,23.0,ATL_003,Local,38.36,34.45,1.63,0.79,1,MATCH_001
231,23.1,ATL_003,Local,38.53,34.62,2.41,0.97,1,MATCH_001
232,23.2,ATL_003,Local,38.36,34.43,2.47,-1.09,1,MATCH_001
233,23.3,ATL_003,Local,37.95,35.32,9.76,1.24,1,MATCH_001
234,23.4,ATL_003,Local,37.28,34.92,7.83,0.48,1,MATCH_001
235,23.5,ATL_003,Local,37.55,35.09,3.19,-0.25,1,MATCH_001
236,23.6,ATL_003,Local,37.49,35.18,1.17,0.09,1,MATCH_001
237,23.7,ATL_003,Local,36.38,35.12,11.12,-0.85,1,MATCH_001
238,23.8,ATL_003,Local,36.47,36.01,9.0,0.37,1,MATCH_001
239,23.9,ATL_003,Local,36.31,36.29,3.18,0.48,1,MATCH_001
240,24.0,ATL_003,Local,36.52,36.47,2.78,2.06,1,MATCH_001
241,24.1,ATL_003,Local,35.95,36.61,5.83,-0.93,1,MATCH_001
242,24.2,ATL_003,Local,36.23,36.34,3.91,-0.42,1,MATCH_001
243,24.3,ATL_003,Local,36.08,36.63,3.28,0.92,1,MATCH_001
244,24.4,ATL_003,Local,35.46,36.65,6.23,-0.71,1,MATCH_001
245,24.5,ATL_003,Local,34.83,36.58,6.33,-0.31,1,MATCH_001
246,24.6,ATL_003,Local,36.04,36.71,12.2,-1.38,1,MATCH_001
247,24.7,ATL_003,Local,35.76,37.02,4.17,2.09,1,MATCH_001
248,24.8,ATL_003,Local,34.97,36.45,9.73,1.87,1,MATCH_001
249,24.9,ATL_003,Local,35.16,36.19,3.25,0.53,1,MATCH_001
250,25.0,ATL_003,Local,33.85,36.19,13.18,0.33,1,MATCH_001
251,25.1,ATL_003,Local,34.31,35.89,5.53,0.09,1,MATCH_001
252,25.2,ATL_003,Local,33.85,35.97,4.69,-0.9,1,MATCH_001
253,25.3,ATL_003,Local,33.64,35.67,3.62,0.65,1,MATCH_001
254,25.4,ATL_003,Local,34.07,35.6,4.35,0.04,1,MATCH_001
255,25.5,ATL_003,Local,33.35,35.51,7.3,-0.05,1,MATCH_001
256,25.6,ATL_003,Local,34.66,35.17,13.52,1.46,1,MATCH_001
257,25.7,ATL_003,Local,35.16,35.26,5.05,1.76,1,MATCH_001
258,25.8,ATL_003,Local,35.34,35.37,2.2,-0.05,1,MATCH_001
259,25.9,ATL_003,Local,35.95,35.7,6.95,-0.63,1,MATCH_001
260,26.0,ATL_003,Local,35.29,35.64,6.62,-0.8,1,MATCH_001
261,26.1,ATL_003,Local,35.26,36.01,3.73,-0.46,1,MATCH_001
262,26.2,ATL_003,Local,35.24,36.03,0.28,0.85,1,MATCH_001
263,26.3,ATL_003,Local,34.12,35.85,11.38,0.21,1,MATCH_001
264,26.4,ATL_003,Local,34.72,35.7,6.18,-1.88,1,MATCH_001
265,26.5,ATL_003,Local,35.03,35.51,3.64,-1.19,1,MATCH_001
266,26.6,ATL_003,Local,34.71,35.46,3.17,-0.6,1,MATCH_001
267,26.7,ATL_003,Local,33.61,35.72,11.35,1.27,1,MATCH_001
268,26.8,ATL_003,Local,33.94,35.38,4.72,-0.2,1,MATCH_001
269,26.9,ATL_003,Local,33.93,35.56,1.8,0.67,1,MATCH_001
270,27.0,ATL_003,Local,33.57,35.59,3.68,0.46,1,MATCH_001
271,27.1,ATL_003,Local,34.3,35.8,7.58,0.79,1,MATCH_001
272,27.2,ATL_003,Local,34.34,36.22,4.25,0.41,1,MATCH_001
273,27.3,ATL_003,Local,33.91,36.64,6.02,0.7,1,MATCH_001
274,27.4,ATL_003,Local,33.68,36.5,2.64,0.3,1,MATCH_001
275,27.5,ATL_003,Local,33.92,36.56,2.39,0.31,1,MATCH_001
276,27.6,ATL_003,Local,34.77,36.88,9.09,0.19,1,MATCH_001
277,27.7,ATL_003,Local,35.24,36.57,5.63,0.4,1,MATCH_001
278,27.8,ATL_003,Local,36.14,36.5,9.07,-0.85,1,MATCH_001
279,27.9,ATL_003,Local,35.82,36.18,4.62,-0.78,1,MATCH_001
280,28.0,ATL_003,Local,35.63,35.76,4.61,0.02,1,MATCH_001
281,28.1,ATL_003,Local,36.08,35.48,5.27,1.52,1,MATCH_001
282,28.2,ATL_003,Local,36.34,35.79,4.01,-0.66,1,MATCH_001
283,28.3,ATL_003,Local,36.76,35.47,5.38,0.89,1,MATCH_001
284,28.4,ATL_003,Local,36.85,35.63,1.87,-1.18,1,MATCH_001
285,28.5,ATL_003,Local,36.4,35.81,4.82,-0.95,1,MATCH_001
286,28.6,ATL_003,Local,36.63,35.4,4.71,0.85,1,MATCH_001
287,28.7,ATL_003,Local,36.02,35.57,6.38,0.63,1,MATCH_001
288,28.8,ATL_003,Local,35.67,35.74,3.9,0.26,1,MATCH_001
289,28.9,ATL_003,Local,35.4,35.44,4.05,-1.96,1,MATCH_001
290,29.0,ATL_003,Local,35.58,34.97,5.01,0.1,1,MATCH_001
291,29.1,ATL_003,Local,35.44,35.17,2.43,-0.3,1,MATCH_001
292,29.2,ATL_003,Local,35.28,35.39,2.74,0.34,1,MATCH_001
293,29.3,ATL_003,Local,35.44,35.53,2.12,-1.54,1,MATCH_001
294,29.4,ATL_003,Local,35.82,35.72,4.21,-1.02,1,MATCH_001
295,29.5,ATL_003,Local,35.69,35.7,1.23,-0.13,1,MATCH_001
296,29.6,ATL_003,Local,35.86,36.13,4.61,1.08,1,MATCH_001
297,29.7,ATL_003,Local,35.2,36.32,6.82,1.33,1,MATCH_001
298,29.8,ATL_003,Local,35.4,36.65,3.8,2.01,1,MATCH_001
299,29.9,ATL_003,Local,35.91,36.72,5.17,1.05,1,MATCH_001
0,0.0,ATL_008,Local,57.59,58.02,5.01,-0.82,1,MATCH_001
1,0.1,ATL_008,Local,58.35,58.17,7.81,-1.4,1,MATCH_001
2,0.2,ATL_008,Local,58.54,57.54,6.56,0.63,1,MATCH_001
3,0.3,ATL_008,Local,58.98,57.36,4.77,0.12,1,MATCH_001
4,0.4,ATL_008,Local,59.96,57.21,9.89,-1.06,1,MATCH_001
5,0.5,ATL_008,Local,60.7,57.8,9.46,0.0,1,MATCH_001
6,0.6,ATL_008,Local,61.2,58.2,6.46,-0.74,1,MATCH_001
7,0.7,ATL_008,Local,60.96,58.57,4.42,1.69,1,MATCH_001
8,0.8,ATL_008,Local,61.24,58.31,3.86,1.99,1,MATCH_001
9,0.9,ATL_008,Local,60.98,58.21,2.84,0.34,1,MATCH_001
10,1.0,ATL_008,Local,61.75,58.46,8.18,0.41,1,MATCH_001
11,1.1,ATL_008,Local,61.98,58.48,2.32,0.56,1,MATCH_001
12,1.2,ATL_008,Local,60.72,58.39,12.68,0.24,1,MATCH_001
13,1.3,ATL_008,Local,60.14,58.5,5.87,-0.2,1,MATCH_001
14,1.4,ATL_008,Local,61.02,58.98,9.97,-0.47,1,MATCH_001
15,1.5,ATL_008,Local,60.95,58.95,0.79,-0.45,1,MATCH_001
16,1.6,ATL_008,Local,61.04,58.73,2.48,-1.13,1,MATCH_001
17,1.7,ATL_008,Local,61.36,58.92,3.64,-0.8,1,MATCH_001
18,1.8,ATL_008,Local,61.8,58.73,4.86,0.25,1,MATCH_001
19,1.9,ATL_008,Local,62.21,58.72,4.1,0.45,1,MATCH_001
20,2.0,ATL_008,Local,61.95,58.66,2.65,-0.21,1,MATCH_001
21,2.1,ATL_008,Local,61.58,58.6,3.77,-1.55,1,MATCH_001
22,2.2,ATL_008,Local,61.34,58.52,2.6,-0.26,1,MATCH_001
23,2.3,ATL_008,Local,61.22,58.5,1.22,0.48,1,MATCH_001
24,2.4,ATL_008,Local,61.65,58.3,4.79,-1.2,1,MATCH_001
25,2.5,ATL_008,Local,61.13,58.16,5.41,-0.35,1,MATCH_001
26,2.6,ATL_008,Local,60.75,57.77,5.47,-0.46,1,MATCH_001
27,2.7,ATL_008,Local,60.84,57.95,2.0,-0.56,1,MATCH_001
28,2.8,ATL_008,Local,60.63,57.67,3.46,-0.03,1,MATCH_001
29,2.9,ATL_008,Local,60.21,57.84,4.58,-1.79,1,MATCH_001
30,3.0,ATL_008,Local,60.03,57.93,2.01,0.18,1,MATCH_001
31,3.1,ATL_008,Local,61.37,58.04,13.51,-1.0,1,MATCH_001
32,3.2,ATL_008,Local,61.33,57.5,5.35,-0.08,1,MATCH_001
33,3.3,ATL_008,Local,60.91,57.78,4.99,-0.55,1,MATCH_001
34,3.4,ATL_008,Local,60.85,57.59,1.99,1.74,1,MATCH_001
35,3.5,ATL_008,Local,60.69,58.14,5.73,0.81,1,MATCH_001
36,3.6,ATL_008,Local,60.93,58.25,2.65,0.39,1,MATCH_001
37,3.7,ATL_008,Local,59.97,58.17,9.67,0.85,1,MATCH_001
38,3.8,ATL_008,Local,59.94,57.74,4.22,-0.05,1,MATCH_001
39,3.9,ATL_008,Local,60.79,58.12,9.31,-0.06,1,MATCH_001
40,4.0,ATL_008,Local,61.27,58.01,4.88,-1.7,1,MATCH_001
41,4.1,ATL_008,Local,60.81,58.48,6.58,-0.27,1,MATCH_001
42,4.2,ATL_008,Local,60.69,58.39,1.51,1.9,1,MATCH_001
43,4.3,ATL_008,Local,61.5,59.05,10.51,-0.16,1,MATCH_001
44,4.4,ATL_008,Local,61.65,58.6,4.78,1.48,1,MATCH_001
45,4.5,ATL_008,Local,61.06,58.66,5.88,-1.1,1,MATCH_001
46,4.6,ATL_008,Local,60.77,58.41,3.87,-0.61,1,MATCH_001
47,4.7,ATL_008,Local,60.5,58.25,3.16,0.83,1,MATCH_001
48,4.8,ATL_008,Local,59.95,58.31,5.56,1.22,1,MATCH_001
49,4.9,ATL_008,Local,59.69,58.1,3.35,-0.23,1,MATCH_001
50,5.0,ATL_008,Local,60.28,58.16,5.93,-0.53,1,MATCH_001
51,5.1,ATL_008,Local,60.52,57.83,4.1,0.68,1,MATCH_001
52,5.2,ATL_008,Local,60.73,57.73,2.24,-0.84,1,MATCH_001
53,5.3,ATL_008,Local,60.28,57.89,4.71,1.23,1,MATCH_001
54,5.4,ATL_008,Local,59.96,58.03,3.47,-2.09,1,MATCH_001
55,5.5,ATL_008,Local,59.67,58.02,2.92,-0.91,1,MATCH_001
56,5.6,ATL_008,Local,59.2,57.82,5.09,0.29,1,MATCH_001
57,5.7,ATL_008,Local,59.11,57.15,6.78,-2.12,1,MATCH_001
58,5.8,ATL_008,Local,58.81,57.29,3.33,-2.75,1,MATCH_001
59,5.9,ATL_008,Local,58.56,57.13,2.96,1.39,1,MATCH_001
60,6.0,ATL_008,Local,58.36,57.24,2.24,0.14,1,MATCH_001
61,6.1,ATL_008,Local,57.3,57.47,10.9,0.22,1,MATCH_001
62,6.2,ATL_008,Local,57.55,58.65,12.05,-2.08,1,MATCH_001
63,6.3,ATL_008,Local,58.42,58.57,8.67,0.29,1,MATCH_001
64,6.4,ATL_008,Local,58.39,58.44,1.29,-0.57,1,MATCH_001
65,6.5,ATL_008,Local,58.56,57.98,4.84,0.75,1,MATCH_001
66,6.6,ATL_008,Local,58.35,57.64,3.98,-0.45,1,MATCH_001
67,6.7,ATL_008,Local,58.98,57.48,6.49,0.36,1,MATCH_001
68,6.8,ATL_008,Local,58.61,57.71,4.3,0.69,1,MATCH_001
69,6.9,ATL_008,Local,59.54,57.66,9.26,0.67,1,MATCH_001
70,7.0,ATL_008,Local,59.59,58.05,3.92,-0.72,1,MATCH_001
71,7.1,ATL_008,Local,59.96,57.99,3.77,-0.06,1,MATCH_001
72,7.2,ATL_008,Local,60.0,58.06,0.88,-0.12,1,MATCH_001
73,7.3,ATL_008,Local,60.11,58.54,4.85,0.99,1,MATCH_001
74,7.4,ATL_008,Local,60.55,58.4,4.56,-0.89,1,MATCH_001
75,7.5,ATL_008,Local,61.02,58.66,5.45,1.47,1,MATCH_001
76,7.6,ATL_008,Local,60.72,58.6,3.1,-1.64,1,MATCH_001
77,7.7,ATL_008,Local,60.53,58.89,3.58,-0.47,1,MATCH_001
78,7.8,ATL_008,Local,60.85,58.84,3.25,0.32,1,MATCH_001
79,7.9,ATL_008,Local,60.27,58.86,5.74,-2.99,1,MATCH_001
80,8.0,ATL_008,Local,60.18,58.37,4.98,1.21,1,MATCH_001
81,8.1,ATL_008,Local,60.57,58.51,4.13,1.52,1,MATCH_001
82,8.2,ATL_008,Local,60.09,59.04,7.07,0.93,1,MATCH_001
83,8.3,ATL_008,Local,59.97,59.38,3.61,-1.11,1,MATCH_001
84,8.4,ATL_008,Local,59.56,59.2,4.51,-0.53,1,MATCH_001
85,8.5,ATL_008,Local,59.03,59.56,6.43,-0.26,1,MATCH_001
86,8.6,ATL_008,Local,59.21,59.39,2.46,-1.82,1,MATCH_001
87,8.7,ATL_008,Local,59.35,58.82,5.89,-0.07,1,MATCH_001
88,8.8,ATL_008,Local,58.66,59.41,9.07,0.91,1,MATCH_001
89,8.9,ATL_008,Local,58.71,59.79,3.83,-0.85,1,MATCH_001
90,9.0,ATL_008,Local,58.99,59.85,2.78,0.26,1,MATCH_001
91,9.1,ATL_008,Local,59.62,60.07,6.73,0.29,1,MATCH_001
92,9.2,ATL_008,Local,58.79,59.79,8.76,-0.12,1,MATCH_001
93,9.3,ATL_008,Local,58.84,59.45,3.42,2.41,1,MATCH_001
94,9.4,ATL_008,Local,59.6,59.63,7.79,0.07,1,MATCH_001
95,9.5,ATL_008,Local,59.49,59.34,3.05,0.08,1,MATCH_001
96,9.6,ATL_008,Local,59.62,58.97,3.94,0.33,1,MATCH_001
97,9.7,ATL_008,Local,59.54,58.4,5.78,-0.86,1,MATCH_001
98,9.8,ATL_008,Local,59.34,58.96,6.03,0.56,1,MATCH_001
99,9.9,ATL_008,Local,58.67,59.11,6.83,-1.55,1,MATCH_001
100,10.0,ATL_008,Local,59.21,58.97,5.59,-0.09,1,MATCH_001
101,10.1,ATL_008,Local,59.87,58.58,7.67,-1.4,1,MATCH_001
102,10.2,ATL_008,Local,59.58,58.89,4.27,-1.52,1,MATCH_001
103,10.3,ATL_008,Local,58.17,58.76,14.23,0.55,1,MATCH_001
104,10.4,ATL_008,Local,58.77,58.62,6.16,-0.41,1,MATCH_001
105,10.5,ATL_008,Local,59.34,58.06,8.05,-0.39,1,MATCH_001
106,10.6,ATL_008,Local,59.44,58.19,1.65,-0.51,1,MATCH_001
107,10.7,ATL_008,Local,59.46,57.45,7.47,-0.66,1,MATCH_001
108,10.8,ATL_008,Local,59.68,57.15,3.72,0.06,1,MATCH_001
109,10.9,ATL_008,Local,59.91,57.05,2.46,0.17,1,MATCH_001
110,11.0,ATL_008,Local,59.42,56.99,4.85,0.61,1,MATCH_001
111,11.1,ATL_008,Local,59.5,56.81,1.93,0.22,1,MATCH_001
112,11.2,ATL_008,Local,59.86,56.2,7.11,1.16,1,MATCH_001
113,11.3,ATL_008,Local,59.69,56.32,2.11,1.2,1,MATCH_001
114,11.4,ATL_008,Local,59.01,56.11,7.18,-0.29,1,MATCH_001
115,11.5,ATL_008,Local,58.61,56.63,6.52,-0.86,1,MATCH_001
116,11.6,ATL_008,Local,58.34,56.69,2.84,-1.2,1,MATCH_001
117,11.7,ATL_008,Local,58.14,56.79,2.2,-0.33,1,MATCH_001
118,11.8,ATL_008,Local,58.09,56.63,1.66,-1.51,1,MATCH_001
119,11.9,ATL_008,Local,58.25,57.15,5.5,0.02,1,MATCH_001
120,12.0,ATL_008,Local,58.37,57.36,2.36,-1.27,1,MATCH_001
121,12.1,ATL_008,Local,59.22,57.42,8.53,1.63,1,MATCH_001
122,12.2,ATL_008,Local,58.85,57.97,6.57,0.78,1,MATCH_001
123,12.3,ATL_008,Local,59.13,58.04,2.85,-0.25,1,MATCH_001
124,12.4,ATL_008,Local,59.73,58.08,6.02,-1.97,1,MATCH_001
125,12.5,ATL_008,Local,59.17,58.03,5.61,0.31,1,MATCH_001
126,12.6,ATL_008,Local,59.14,58.39,3.67,-1.95,1,MATCH_001
127,12.7,ATL_008,Local,59.21,57.85,5.5,0.76,1,MATCH_001
128,12.8,ATL_008,Local,59.17,57.97,1.34,-0.86,1,MATCH_001
129,12.9,ATL_008,Local,59.8,58.28,7.12,0.58,1,MATCH_001
130,13.0,ATL_008,Local,59.74,58.46,1.86,-0.71,1,MATCH_001
131,13.1,ATL_008,Local,60.17,58.95,6.54,1.07,1,MATCH_001
132,13.2,ATL_008,Local,59.8,59.06,3.81,-1.29,1,MATCH_001
133,13.3,ATL_008,Local,60.09,59.2,3.17,-1.87,1,MATCH_001
134,13.4,ATL_008,Local,59.51,59.11,5.87,-0.3,1,MATCH_001
135,13.5,ATL_008,Local,58.9,59.23,6.16,0.25,1,MATCH_001
136,13.6,ATL_008,Local,58.81,59.0,2.47,1.05,1,MATCH_001
137,13.7,ATL_008,Local,59.63,58.86,8.4,-0.61,1,MATCH_001
138,13.8,ATL_008,Local,59.88,58.75,2.68,-0.14,1,MATCH_001
139,13.9,ATL_008,Local,60.25,58.18,6.82,1.32,1,MATCH_001
140,14.0,ATL_008,Local,60.29,58.05,1.29,-0.09,1,MATCH_001
141,14.1,ATL_008,Local,60.27,57.53,5.2,1.49,1,MATCH_001
142,14.2,ATL_008,Local,60.29,57.67,1.34,0.95,1,MATCH_001
143,14.3,ATL_008,Local,59.78,57.81,5.3,-0.27,1,MATCH_001
144,14.4,ATL_008,Local,60.2,57.17,7.66,-0.1,1,MATCH_001
145,14.5,ATL_008,Local,59.9,57.3,3.28,0.47,1,MATCH_001
146,14.6,ATL_008,Local,59.55,57.09,4.13,-0.11,1,MATCH_001
147,14.7,ATL_008,Local,59.1,57.34,5.15,-0.37,1,MATCH_001
148,14.8,ATL_008,Local,57.64,57.23,14.58,-1.04,1,MATCH_001
149,14.9,ATL_008,Local,56.83,56.86,8.96,0.11,1,MATCH_001
150,15.0,ATL_008,Local,57.49,56.95,6.71,-0.61,1,MATCH_001
151,15.1,ATL_008,Local,57.72,56.81,2.66,-0.69,1,MATCH_001
152,15.2,ATL_008,Local,57.14,56.29,7.81,-0.39,1,MATCH_001
153,15.3,ATL_008,Local,57.22,56.26,0.84,-0.42,1,MATCH_001
154,15.4,ATL_008,Local,56.75,56.44,5.07,-1.32,1,MATCH_001
155,15.5,ATL_008,Local,57.14,56.14,4.91,-0.75,1,MATCH_001
156,15.6,ATL_008,Local,56.4,55.99,7.49,0.98,1,MATCH_001
157,15.7,ATL_008,Local,56.66,56.28,3.91,0.52,1,MATCH_001
158,15.8,ATL_008,Local,56.11,56.18,5.61,-0.78,1,MATCH_001
159,15.9,ATL_008,Local,56.78,55.82,7.56,0.89,1,MATCH_001
160,16.0,ATL_008,Local,57.22,56.37,7.08,-0.41,1,MATCH_001
161,16.1,ATL_008,Local,57.58,57.06,7.72,-0.62,1,MATCH_001
162,16.2,ATL_008,Local,56.81,56.49,9.52,0.71,1,MATCH_001
163,16.3,ATL_008,Local,55.87,56.38,9.48,0.44,1,MATCH_001
164,16.4,ATL_008,Local,55.96,56.51,1.58,0.22,1,MATCH_001
165,16.5,ATL_008,Local,56.6,56.22,7.0,-0.68,1,MATCH_001
166,16.6,ATL_008,Local,56.21,56.47,4.6,0.9,1,MATCH_001
167,16.7,ATL_008,Local,56.44,56.83,4.21,-1.18,1,MATCH_001
168,16.8,ATL_008,Local,57.27,57.28,9.51,0.74,1,MATCH_001
169,16.9,ATL_008,Local,58.16,56.79,10.2,-0.52,1,MATCH_001
170,17.0,ATL_008,Local,57.8,57.0,4.27,-1.05,1,MATCH_001
171,17.1,ATL_008,Local,58.18,57.41,5.59,0.7,1,MATCH_001
172,17.2,ATL_008,Local,58.32,57.12,3.29,-0.85,1,MATCH_001
173,17.3,ATL_008,Local,58.94,57.35,6.67,-0.04,1,MATCH_001
174,17.4,ATL_008,Local,58.73,56.74,6.43,-1.07,1,MATCH_001
175,17.5,ATL_008,Local,59.69,56.36,10.3,0.19,1,MATCH_001
176,17.6,ATL_008,Local,60.19,55.98,6.29,0.18,1,MATCH_001
177,17.7,ATL_008,Local,60.66,55.99,4.69,2.87,1,MATCH_001
178,17.8,ATL_008,Local,59.83,56.31,8.93,-0.17,1,MATCH_001
179,17.9,ATL_008,Local,60.21,56.44,4.08,-0.73,1,MATCH_001
180,18.0,ATL_008,Local,60.33,55.88,5.69,0.6,1,MATCH_001
181,18.1,ATL_008,Local,60.48,56.07,2.43,1.06,1,MATCH_001
182,18.2,ATL_008,Local,60.66,56.12,1.89,-0.88,1,MATCH_001
183,18.3,ATL_008,Local,60.3,56.47,5.04,1.44,1,MATCH_001
184,18.4,ATL_008,Local,60.19,56.49,1.2,-0.9,1,MATCH_001
185,18.5,ATL_008,Local,60.77,56.69,6.19,1.94,1,MATCH_001
186,18.6,ATL_008,Local,60.33,56.57,4.54,0.23,1,MATCH_001
187,18.7,ATL_008,Local,60.66,56.51,3.3,-0.87,1,MATCH_001
188,18.8,ATL_008,Local,61.1,56.72,4.91,-0.92,1,MATCH_001
189,18.9,ATL_008,Local,61.77,57.07,7.63,0.13,1,MATCH_001
190,19.0,ATL_008,Local,61.81,57.24,1.71,-0.86,1,MATCH_001
191,19.1,ATL_008,Local,61.83,56.6,6.46,0.88,1,MATCH_001
192,19.2,ATL_008,Local,61.05,57.05,9.02,-0.33,1,MATCH_001
193,19.3,ATL_008,Local,60.94,56.86,2.16,-0.29,1,MATCH_001
194,19.4,ATL_008,Local,61.65,56.11,10.3,1.28,1,MATCH_001
195,19.5,ATL_008,Local,61.82,55.75,4.0,-1.08,1,MATCH_001
196,19.6,ATL_008,Local,62.66,55.47,8.85,-1.15,1,MATCH_001
197,19.7,ATL_008,Local,63.23,55.57,5.78,-0.94,1,MATCH_001
198,19.8,ATL_008,Local,63.34,55.26,3.26,1.1,1,MATCH_001
199,19.9,ATL_008,Local,63.87,55.42,5.54,0.36,1,MATCH_001
200,20.0,ATL_008,Local,64.75,55.42,8.81,-1.18,1,MATCH_001
201,20.1,ATL_008,Local,64.97,56.05,6.65,-1.01,1,MATCH_001
202,20.2,ATL_008,Local,64.79,56.17,2.2,-0.05,1,MATCH_001
203,20.3,ATL_008,Local,64.3,56.51,5.95,2.32,1,MATCH_001
204,20.4,ATL_008,Local,64.4,56.24,2.88,-1.55,1,MATCH_001
205,20.5,ATL_008,Local,64.53,56.57,3.55,0.48,1,MATCH_001
206,20.6,ATL_008,Local,64.53,56.39,1.77,-1.09,1,MATCH_001
207,20.7,ATL_008,Local,64.94,56.66,4.99,-1.55,1,MATCH_001
208,20.8,ATL_008,Local,65.74,56.84,8.13,1.4,1,MATCH_001
209,20.9,ATL_008,Local,65.07,56.43,7.86,-0.15,1,MATCH_001
210,21.0,ATL_008,Local,65.32,56.97,5.95,0.71,1,MATCH_001
211,21.1,ATL_008,Local,65.2,56.66,3.31,1.23,1,MATCH_001
212,21.2,ATL_008,Local,64.72,57.15,6.87,-0.28,1,MATCH_001
213,21.3,ATL_008,Local,65.51,57.35,8.21,-0.14,1,MATCH_001
214,21.4,ATL_008,Local,65.25,57.25,2.79,0.43,1,MATCH_001
215,21.5,ATL_008,Local,65.29,57.07,1.82,-0.17,1,MATCH_001
216,21.6,ATL_008,Local,65.33,56.43,6.4,0.46,1,MATCH_001
217,21.7,ATL_008,Local,64.84,56.08,6.0,-1.69,1,MATCH_001
218,21.8,ATL_008,Local,63.94,55.68,9.85,-0.71,1,MATCH_001
219,21.9,ATL_008,Local,64.92,55.52,9.89,0.18,1,MATCH_001
220,22.0,ATL_008,Local,65.12,55.56,2.04,-0.08,1,MATCH_001
221,22.1,ATL_008,Local,64.52,55.99,7.39,1.81,1,MATCH_001
222,22.2,ATL_008,Local,63.68,55.69,8.96,-0.28,1,MATCH_001
223,22.3,ATL_008,Local,63.2,55.84,5.06,-0.73,1,MATCH_001
224,22.4,ATL_008,Local,64.28,56.2,11.4,0.21,1,MATCH_001
225,22.5,ATL_008,Local,64.79,56.53,6.11,-0.56,1,MATCH_001
226,22.6,ATL_008,Local,64.39,56.55,4.09,0.86,1,MATCH_001
227,22.7,ATL_008,Local,64.45,56.08,4.78,-0.8,1,MATCH_001
228,22.8,ATL_008,Local,64.42,56.06,0.43,1.97,1,MATCH_001
229,22.9,ATL_008,Local,63.72,56.21,7.09,1.49,1,MATCH_001
230,23.0,ATL_008,Local,64.86,56.09,11.42,0.49,1,MATCH_001
231,23.1,ATL_008,Local,65.15,56.14,2.91,-0.1,1,MATCH_001
232,23.2,ATL_008,Local,65.36,55.39,7.9,0.68,1,MATCH_001
233,23.3,ATL_008,Local,65.43,55.32,0.92,2.05,1,MATCH_001
234,23.4,ATL_008,Local,65.09,55.2,3.58,1.99,1,MATCH_001
235,23.5,ATL_008,Local,64.67,55.03,4.48,-0.15,1,MATCH_001
236,23.6,ATL_008,Local,65.09,55.09,4.25,-1.29,1,MATCH_001
237,23.7,ATL_008,Local,64.83,54.91,3.22,-0.08,1,MATCH_001
238,23.8,ATL_008,Local,65.04,55.04,2.47,-1.78,1,MATCH_001
239,23.9,ATL_008,Local,65.57,55.11,5.37,1.38,1,MATCH_001
240,24.0,ATL_008,Local,65.79,55.44,3.98,0.47,1,MATCH_001
241,24.1,ATL_008,Local,66.47,55.6,6.91,-0.1,1,MATCH_001
242,24.2,ATL_008,Local,67.6,55.87,11.67,0.57,1,MATCH_001
243,24.3,ATL_008,Local,66.97,55.48,7.46,0.29,1,MATCH_001
244,24.4,ATL_008,Local,67.04,55.3,1.98,0.14,1,MATCH_001
245,24.5,ATL_008,Local,67.83,55.51,8.21,-1.14,1,MATCH_001
246,24.6,ATL_008,Local,67.78,55.26,2.48,-0.39,1,MATCH_001
247,24.7,ATL_008,Local,67.57,55.12,2.52,-1.26,1,MATCH_001
248,24.8,ATL_008,Local,67.51,54.95,1.8,-2.93,1,MATCH_001
249,24.9,ATL_008,Local,68.53,55.28,10.77,-0.38,1,MATCH_001
250,25.0,ATL_008,Local,68.54,54.93,3.52,1.7,1,MATCH_001
251,25.1,ATL_008,Local,69.49,54.97,9.5,1.02,1,MATCH_001
252,25.2,ATL_008,Local,69.58,54.57,4.1,-0.41,1,MATCH_001
253,25.3,ATL_008,Local,69.64,54.44,1.51,-0.22,1,MATCH_001
254,25.4,ATL_008,Local,69.6,54.41,0.52,0.05,1,MATCH_001
255,25.5,ATL_008,Local,69.07,54.2,5.72,-1.28,1,MATCH_001
256,25.6,ATL_008,Local,69.56,53.57,7.99,1.15,1,MATCH_001
257,25.7,ATL_008,Local,70.25,53.48,6.99,-2.6,1,MATCH_001
258,25.8,ATL_008,Local,70.07,53.46,1.82,-1.01,1,MATCH_001
259,25.9,ATL_008,Local,69.81,53.92,5.26,0.66,1,MATCH_001
260,26.0,ATL_008,Local,69.35,53.44,6.66,-0.33,1,MATCH_001
261,26.1,ATL_008,Local,69.24,53.59,1.83,-0.54,1,MATCH_001
262,26.2,ATL_008,Local,69.5,54.17,6.34,0.82,1,MATCH_001
263,26.3,ATL_008,Local,69.47,54.11,0.6,-0.36,1,MATCH_001
264,26.4,ATL_008,Local,70.07,53.92,6.2,0.05,1,MATCH_001
265,26.5,ATL_008,Local,70.09,53.77,1.53,-1.37,1,MATCH_001
266,26.6,ATL_008,Local,70.25,53.75,1.63,0.5,1,MATCH_001
267,26.7,ATL_008,Local,69.99,54.12,4.53,-0.88,1,MATCH_001
268,26.8,ATL_008,Local,70.84,53.6,10.04,0.43,1,MATCH_001
269,26.9,ATL_008,Local,71.08,53.36,3.37,0.42,1,MATCH_001
270,27.0,ATL_008,Local,71.72,52.69,9.23,0.5,1,MATCH_001
271,27.1,ATL_008,Local,70.47,52.4,12.8,1.63,1,MATCH_001
272,27.2,ATL_008,Local,70.18,52.05,4.57,-0.2,1,MATCH_001
273,27.3,ATL_008,Local,71.22,51.5,11.71,-1.05,1,MATCH_001
274,27.4,ATL_008,Local,71.96,52.06,9.33,-0.1,1,MATCH_001
275,27.5,ATL_008,Local,71.34,52.69,8.83,1.59,1,MATCH_001
276,27.6,ATL_008,Local,71.68,52.44,4.18,-0.05,1,MATCH_001
277,27.7,ATL_008,Local,71.6,52.54,1.28,1.45,1,MATCH_001
278,27.8,ATL_008,Local,72.04,52.22,5.46,1.38,1,MATCH_001
279,27.9,ATL_008,Local,72.2,52.43,2.59,1.47,1,MATCH_001
280,28.0,ATL_008,Local,71.64,52.41,5.56,-0.53,1,MATCH_001
281,28.1,ATL_008,Local,70.86,52.52,7.91,2.51,1,MATCH_001
282,28.2,ATL_008,Local,69.94,52.51,9.2,0.64,1,MATCH_001
283,28.3,ATL_008,Local,70.0,52.47,0.7,-1.3,1,MATCH_001
284,28.4,ATL_008,Local,70.12,52.25,2.55,-2.19,1,MATCH_001
285,28.5,ATL_008,Local,70.72,52.54,6.63,0.05,1,MATCH_001
286,28.6,ATL_008,Local,70.83,52.86,3.42,0.22,1,MATCH_001
287,28.7,ATL_008,Local,71.28,52.77,4.61,1.31,1,MATCH_001
288,28.8,ATL_008,Local,71.44,52.83,1.71,-1.27,1,MATCH_001
289,28.9,ATL_008,Local,71.59,52.58,2.88,-0.64,1,MATCH_001
290,29.0,ATL_008,Local,71.18,52.26,5.18,2.12,1,MATCH_001
291,29.1,ATL_008,Local,71.84,52.83,8.8,-1.22,1,MATCH_001
292,29.2,ATL_008,Local,71.88,52.45,3.9,-0.7,1,MATCH_001
293,29.3,ATL_008,Local,71.42,52.82,5.91,-0.4,1,MATCH_001
294,29.4,ATL_008,Local,71.95,53.0,5.64,2.3,1,MATCH_001
295,29.5,ATL_008,Local,71.21,53.38,8.31,1.15,1,MATCH_001
296,29.6,ATL_008,Local,70.73,53.68,5.73,0.34,1,MATCH_001
297,29.7,ATL_008,Local,70.61,53.43,2.72,-0.72,1,MATCH_001
298,29.8,ATL_008,Local,71.64,53.43,10.25,0.78,1,MATCH_001
299,29.9,ATL_008,Local,71.24,53.2,4.59,1.08,1,MATCH_001
